INSERT INTO public."Selecciones"(  "Seleccion")VALUES ('Francia');
INSERT INTO public."Selecciones"(  "Seleccion")VALUES ('Argentina');
INSERT INTO public."Selecciones"(  "Seleccion")VALUES ('Costa Rica');
INSERT INTO public."Selecciones"(  "Seleccion")VALUES ('Inglaterra');
INSERT INTO public."Selecciones"(  "Seleccion")VALUES ('España');
INSERT INTO public."Selecciones"(  "Seleccion")VALUES ('Italia');
INSERT INTO public."Selecciones"(  "Seleccion")VALUES ('Brazil');
INSERT INTO public."Selecciones"(  "Seleccion")VALUES ('Colombia');

--------------------------------------
INSERT INTO public."Clubes"(  "Club")VALUES ( 'Saprissa');
INSERT INTO public."Clubes"(  "Club")VALUES ('Heredia');
INSERT INTO public."Clubes"(  "Club")VALUES ('Cartago');
INSERT INTO public."Clubes"(  "Club")VALUES ('Alajuela');

-----------------------------------------

INSERT INTO public."Jugadores_Seleccion"(   "Seleccion", "Nombre_Jugador", "Apellido1_Jugador", "Apellido2_Jugador")VALUES ( 'Francia','Hugo','Lloris','  ');
INSERT INTO public."Jugadores_Seleccion"(   "Seleccion", "Nombre_Jugador", "Apellido1_Jugador", "Apellido2_Jugador")VALUES ('Francia','Alban','Lafont','  ');
INSERT INTO public."Jugadores_Seleccion"(   "Seleccion", "Nombre_Jugador", "Apellido1_Jugador", "Apellido2_Jugador")VALUES ('Francia','Bnenjamin','Pavard','  ');
INSERT INTO public."Jugadores_Seleccion"(   "Seleccion", "Nombre_Jugador", "Apellido1_Jugador", "Apellido2_Jugador")VALUES ('Francia','William ','Saliba','  ');
INSERT INTO public."Jugadores_Seleccion"(   "Seleccion", "Nombre_Jugador", "Apellido1_Jugador", "Apellido2_Jugador")VALUES ('Francia','Raphael','Varane','  ');
INSERT INTO public."Jugadores_Seleccion"(   "Seleccion", "Nombre_Jugador", "Apellido1_Jugador", "Apellido2_Jugador")VALUES ('Francia','Dayot ','Upamecano','  ');
INSERT INTO public."Jugadores_Seleccion"(   "Seleccion", "Nombre_Jugador", "Apellido1_Jugador", "Apellido2_Jugador")VALUES ('Francia','Jules','Kounde','  ');
INSERT INTO public."Jugadores_Seleccion"(   "Seleccion", "Nombre_Jugador", "Apellido1_Jugador", "Apellido2_Jugador")VALUES ('Francia','Eduardo','Camavinga','  ');
INSERT INTO public."Jugadores_Seleccion"(   "Seleccion", "Nombre_Jugador", "Apellido1_Jugador", "Apellido2_Jugador")VALUES ('Francia','Antoine','Griezmann','  ');
INSERT INTO public."Jugadores_Seleccion"(   "Seleccion", "Nombre_Jugador", "Apellido1_Jugador", "Apellido2_Jugador")VALUES ('Francia','Aurelien ','Tchouameni','  ');
INSERT INTO public."Jugadores_Seleccion"(   "Seleccion", "Nombre_Jugador", "Apellido1_Jugador", "Apellido2_Jugador")VALUES ('Francia','Oliver','Giroud','  ');
INSERT INTO public."Jugadores_Seleccion"(   "Seleccion", "Nombre_Jugador", "Apellido1_Jugador", "Apellido2_Jugador")VALUES ('Francia','Kylian','Mbappe','  ');
INSERT INTO public."Jugadores_Seleccion"(   "Seleccion", "Nombre_Jugador", "Apellido1_Jugador", "Apellido2_Jugador")VALUES ('Francia','Ousmane','Dembele','  ');
INSERT INTO public."Jugadores_Seleccion"(   "Seleccion", "Nombre_Jugador", "Apellido1_Jugador", "Apellido2_Jugador")VALUES ('Francia','Christopher','Nkunku','  ');
INSERT INTO public."Jugadores_Seleccion"(   "Seleccion", "Nombre_Jugador", "Apellido1_Jugador", "Apellido2_Jugador")VALUES ('Francia','Matteo','Guendouzi','  ');
INSERT INTO public."Jugadores_Seleccion"(   "Seleccion", "Nombre_Jugador", "Apellido1_Jugador", "Apellido2_Jugador")VALUES ('Francia','Jonathan','Clauss','  ');
INSERT INTO public."Jugadores_Seleccion"(   "Seleccion", "Nombre_Jugador", "Apellido1_Jugador", "Apellido2_Jugador")VALUES ('Francia','Steve','Miranda','  ');
INSERT INTO public."Jugadores_Seleccion"(   "Seleccion", "Nombre_Jugador", "Apellido1_Jugador", "Apellido2_Jugador")VALUES ('Francia','Jordan','Veretout','  ');
INSERT INTO public."Jugadores_Seleccion"(   "Seleccion", "Nombre_Jugador", "Apellido1_Jugador", "Apellido2_Jugador")VALUES ('Francia','Ferland','Mendy','  ');
INSERT INTO public."Jugadores_Seleccion"(   "Seleccion", "Nombre_Jugador", "Apellido1_Jugador", "Apellido2_Jugador")VALUES ('Francia','Alphonse','Areola','  ');
INSERT INTO public."Jugadores_Seleccion"(   "Seleccion", "Nombre_Jugador", "Apellido1_Jugador", "Apellido2_Jugador")VALUES ('Argentina','Franco','Armani','  ');
INSERT INTO public."Jugadores_Seleccion"(   "Seleccion", "Nombre_Jugador", "Apellido1_Jugador", "Apellido2_Jugador")VALUES ('Argentina','Lisandro','Martinez','  ');
INSERT INTO public."Jugadores_Seleccion"(   "Seleccion", "Nombre_Jugador", "Apellido1_Jugador", "Apellido2_Jugador")VALUES ('Argentina','Nicolas','Tagliafico','  ');
INSERT INTO public."Jugadores_Seleccion"(   "Seleccion", "Nombre_Jugador", "Apellido1_Jugador", "Apellido2_Jugador")VALUES ('Argentina','Gonzalo','Montiel','  ');
INSERT INTO public."Jugadores_Seleccion"(   "Seleccion", "Nombre_Jugador", "Apellido1_Jugador", "Apellido2_Jugador")VALUES ('Argentina','Leandro','Paredes','  ');
INSERT INTO public."Jugadores_Seleccion"(   "Seleccion", "Nombre_Jugador", "Apellido1_Jugador", "Apellido2_Jugador")VALUES ('Argentina','German','Pezzella','  ');
INSERT INTO public."Jugadores_Seleccion"(   "Seleccion", "Nombre_Jugador", "Apellido1_Jugador", "Apellido2_Jugador")VALUES ('Argentina','Rodirgo','De Paul','  ');
INSERT INTO public."Jugadores_Seleccion"(   "Seleccion", "Nombre_Jugador", "Apellido1_Jugador", "Apellido2_Jugador")VALUES ('Argentina','Thiago','Almanda','  ');
INSERT INTO public."Jugadores_Seleccion"(   "Seleccion", "Nombre_Jugador", "Apellido1_Jugador", "Apellido2_Jugador")VALUES ('Argentina','Julian','Alvarez','  ');
INSERT INTO public."Jugadores_Seleccion"(   "Seleccion", "Nombre_Jugador", "Apellido1_Jugador", "Apellido2_Jugador")VALUES ('Argentina','Lionel','Messi','  ');
INSERT INTO public."Jugadores_Seleccion"(   "Seleccion", "Nombre_Jugador", "Apellido1_Jugador", "Apellido2_Jugador")VALUES ('Argentina','Angel','Di Maria','  ');
INSERT INTO public."Jugadores_Seleccion"(   "Seleccion", "Nombre_Jugador", "Apellido1_Jugador", "Apellido2_Jugador")VALUES ('Argentina','Gerinimo','Rulli','  ');
INSERT INTO public."Jugadores_Seleccion"(   "Seleccion", "Nombre_Jugador", "Apellido1_Jugador", "Apellido2_Jugador")VALUES ('Argentina','Cristian','Romero','  ');
INSERT INTO public."Jugadores_Seleccion"(   "Seleccion", "Nombre_Jugador", "Apellido1_Jugador", "Apellido2_Jugador")VALUES ('Argentina','Nehuen','Perez','  ');
INSERT INTO public."Jugadores_Seleccion"(   "Seleccion", "Nombre_Jugador", "Apellido1_Jugador", "Apellido2_Jugador")VALUES ('Argentina','Angel','Correa','  ');
INSERT INTO public."Jugadores_Seleccion"(   "Seleccion", "Nombre_Jugador", "Apellido1_Jugador", "Apellido2_Jugador")VALUES ('Argentina','Papu','Gomez','  ');
INSERT INTO public."Jugadores_Seleccion"(   "Seleccion", "Nombre_Jugador", "Apellido1_Jugador", "Apellido2_Jugador")VALUES ('Argentina','Joaquin','Correa','  ');
INSERT INTO public."Jugadores_Seleccion"(   "Seleccion", "Nombre_Jugador", "Apellido1_Jugador", "Apellido2_Jugador")VALUES ('Argentina','Giovani','Lo Celso','  ');
INSERT INTO public."Jugadores_Seleccion"(   "Seleccion", "Nombre_Jugador", "Apellido1_Jugador", "Apellido2_Jugador")VALUES ('Argentina','Lautaro','Martinez','  ');
INSERT INTO public."Jugadores_Seleccion"(   "Seleccion", "Nombre_Jugador", "Apellido1_Jugador", "Apellido2_Jugador")VALUES ('Argentina','Emiliano','Martinez','  ');
INSERT INTO public."Jugadores_Seleccion"(   "Seleccion", "Nombre_Jugador", "Apellido1_Jugador", "Apellido2_Jugador")VALUES ('Costa Rica','Keylor','Navas','  ');
INSERT INTO public."Jugadores_Seleccion"(   "Seleccion", "Nombre_Jugador", "Apellido1_Jugador", "Apellido2_Jugador")VALUES ('Costa Rica','Joel','Campbell','  ');
INSERT INTO public."Jugadores_Seleccion"(   "Seleccion", "Nombre_Jugador", "Apellido1_Jugador", "Apellido2_Jugador")VALUES ('Costa Rica','Brayan','Ruiz','  ');
INSERT INTO public."Jugadores_Seleccion"(   "Seleccion", "Nombre_Jugador", "Apellido1_Jugador", "Apellido2_Jugador")VALUES ('Costa Rica','Orlando','Galo','  ');
INSERT INTO public."Jugadores_Seleccion"(   "Seleccion", "Nombre_Jugador", "Apellido1_Jugador", "Apellido2_Jugador")VALUES ('Costa Rica','Celso','Borges','  ');
INSERT INTO public."Jugadores_Seleccion"(   "Seleccion", "Nombre_Jugador", "Apellido1_Jugador", "Apellido2_Jugador")VALUES ('Costa Rica','Anthony','Contreras','  ');
INSERT INTO public."Jugadores_Seleccion"(   "Seleccion", "Nombre_Jugador", "Apellido1_Jugador", "Apellido2_Jugador")VALUES ('Costa Rica','Francisco','Calvo','Quesada');
INSERT INTO public."Jugadores_Seleccion"(   "Seleccion", "Nombre_Jugador", "Apellido1_Jugador", "Apellido2_Jugador")VALUES ('Costa Rica','Oscar','Duarte','  ');
INSERT INTO public."Jugadores_Seleccion"(   "Seleccion", "Nombre_Jugador", "Apellido1_Jugador", "Apellido2_Jugador")VALUES ('Costa Rica','Esteban','Alvarado','  ');
INSERT INTO public."Jugadores_Seleccion"(   "Seleccion", "Nombre_Jugador", "Apellido1_Jugador", "Apellido2_Jugador")VALUES ('Costa Rica','Patrick','Sequeira','  ');
INSERT INTO public."Jugadores_Seleccion"(   "Seleccion", "Nombre_Jugador", "Apellido1_Jugador", "Apellido2_Jugador")VALUES ('Costa Rica','Juan Pablo','Vargas','  ');
INSERT INTO public."Jugadores_Seleccion"(   "Seleccion", "Nombre_Jugador", "Apellido1_Jugador", "Apellido2_Jugador")VALUES ('Costa Rica','Brayan','Oviedo','  ');
INSERT INTO public."Jugadores_Seleccion"(   "Seleccion", "Nombre_Jugador", "Apellido1_Jugador", "Apellido2_Jugador")VALUES ('Costa Rica','Brandon','Aguilera','  ');
INSERT INTO public."Jugadores_Seleccion"(   "Seleccion", "Nombre_Jugador", "Apellido1_Jugador", "Apellido2_Jugador")VALUES ('Costa Rica','Randall','Leal','  ');
INSERT INTO public."Jugadores_Seleccion"(   "Seleccion", "Nombre_Jugador", "Apellido1_Jugador", "Apellido2_Jugador")VALUES ('Costa Rica','Kendall','Waston','  ');
INSERT INTO public."Jugadores_Seleccion"(   "Seleccion", "Nombre_Jugador", "Apellido1_Jugador", "Apellido2_Jugador")VALUES ('Costa Rica','Ronald','Matarrita','  ');
INSERT INTO public."Jugadores_Seleccion"(   "Seleccion", "Nombre_Jugador", "Apellido1_Jugador", "Apellido2_Jugador")VALUES ('Costa Rica','Cristian','Gamboa','  ');
INSERT INTO public."Jugadores_Seleccion"(   "Seleccion", "Nombre_Jugador", "Apellido1_Jugador", "Apellido2_Jugador")VALUES ('Costa Rica','Johan','Venegas','  ');
INSERT INTO public."Jugadores_Seleccion"(   "Seleccion", "Nombre_Jugador", "Apellido1_Jugador", "Apellido2_Jugador")VALUES ('Costa Rica','Yelsin','Tejeda','  ');
INSERT INTO public."Jugadores_Seleccion"(   "Seleccion", "Nombre_Jugador", "Apellido1_Jugador", "Apellido2_Jugador")VALUES ('Costa Rica','Giancarlo','Gonzalez','  ');
INSERT INTO public."Jugadores_Seleccion"(   "Seleccion", "Nombre_Jugador", "Apellido1_Jugador", "Apellido2_Jugador")VALUES ('Inglaterra','Jordan','Pickford','  ');
INSERT INTO public."Jugadores_Seleccion"(   "Seleccion", "Nombre_Jugador", "Apellido1_Jugador", "Apellido2_Jugador")VALUES ('Inglaterra','Harry','Kane','  ');
INSERT INTO public."Jugadores_Seleccion"(   "Seleccion", "Nombre_Jugador", "Apellido1_Jugador", "Apellido2_Jugador")VALUES ('Inglaterra','Bukayo','Saka','  ');
INSERT INTO public."Jugadores_Seleccion"(   "Seleccion", "Nombre_Jugador", "Apellido1_Jugador", "Apellido2_Jugador")VALUES ('Inglaterra','Harry','Maguire','  ');
INSERT INTO public."Jugadores_Seleccion"(   "Seleccion", "Nombre_Jugador", "Apellido1_Jugador", "Apellido2_Jugador")VALUES ('Inglaterra','Jack','Grealish','  ');
INSERT INTO public."Jugadores_Seleccion"(   "Seleccion", "Nombre_Jugador", "Apellido1_Jugador", "Apellido2_Jugador")VALUES ('Inglaterra','Phil','Foden','  ');
INSERT INTO public."Jugadores_Seleccion"(   "Seleccion", "Nombre_Jugador", "Apellido1_Jugador", "Apellido2_Jugador")VALUES ('Inglaterra','Mason','Mount','  ');
INSERT INTO public."Jugadores_Seleccion"(   "Seleccion", "Nombre_Jugador", "Apellido1_Jugador", "Apellido2_Jugador")VALUES ('Inglaterra','Trent','Alexander','Arnold');
INSERT INTO public."Jugadores_Seleccion"(   "Seleccion", "Nombre_Jugador", "Apellido1_Jugador", "Apellido2_Jugador")VALUES ('Inglaterra','Jude','Bellingham','  ');
INSERT INTO public."Jugadores_Seleccion"(   "Seleccion", "Nombre_Jugador", "Apellido1_Jugador", "Apellido2_Jugador")VALUES ('Inglaterra','Raheem','Sterling','  ');
INSERT INTO public."Jugadores_Seleccion"(   "Seleccion", "Nombre_Jugador", "Apellido1_Jugador", "Apellido2_Jugador")VALUES ('Inglaterra','Marcus','Rashford','  ');
INSERT INTO public."Jugadores_Seleccion"(   "Seleccion", "Nombre_Jugador", "Apellido1_Jugador", "Apellido2_Jugador")VALUES ('Inglaterra','Reece','Jame','  ');
INSERT INTO public."Jugadores_Seleccion"(   "Seleccion", "Nombre_Jugador", "Apellido1_Jugador", "Apellido2_Jugador")VALUES ('Inglaterra','Nick','Pope','  ');
INSERT INTO public."Jugadores_Seleccion"(   "Seleccion", "Nombre_Jugador", "Apellido1_Jugador", "Apellido2_Jugador")VALUES ('Inglaterra','Jadon','Sancho','  ');
INSERT INTO public."Jugadores_Seleccion"(   "Seleccion", "Nombre_Jugador", "Apellido1_Jugador", "Apellido2_Jugador")VALUES ('Inglaterra','Declan','Rice','  ');
INSERT INTO public."Jugadores_Seleccion"(   "Seleccion", "Nombre_Jugador", "Apellido1_Jugador", "Apellido2_Jugador")VALUES ('Inglaterra','Kyle','Walker','  ');
INSERT INTO public."Jugadores_Seleccion"(   "Seleccion", "Nombre_Jugador", "Apellido1_Jugador", "Apellido2_Jugador")VALUES ('Inglaterra','Fikayo','Tomori','  ');
INSERT INTO public."Jugadores_Seleccion"(   "Seleccion", "Nombre_Jugador", "Apellido1_Jugador", "Apellido2_Jugador")VALUES ('Inglaterra','Luke','Shaw','  ');
INSERT INTO public."Jugadores_Seleccion"(   "Seleccion", "Nombre_Jugador", "Apellido1_Jugador", "Apellido2_Jugador")VALUES ('Inglaterra','John','Stones','  ');
INSERT INTO public."Jugadores_Seleccion"(   "Seleccion", "Nombre_Jugador", "Apellido1_Jugador", "Apellido2_Jugador")VALUES ('Inglaterra','Eric','Dier','  ');
INSERT INTO public."Jugadores_Seleccion"(   "Seleccion", "Nombre_Jugador", "Apellido1_Jugador", "Apellido2_Jugador")VALUES ('España','David','De Gea','  ');
INSERT INTO public."Jugadores_Seleccion"(   "Seleccion", "Nombre_Jugador", "Apellido1_Jugador", "Apellido2_Jugador")VALUES ('España','Sergio','Ramos','  ');
INSERT INTO public."Jugadores_Seleccion"(   "Seleccion", "Nombre_Jugador", "Apellido1_Jugador", "Apellido2_Jugador")VALUES ('España','Sergio','Busquets','  ');
INSERT INTO public."Jugadores_Seleccion"(   "Seleccion", "Nombre_Jugador", "Apellido1_Jugador", "Apellido2_Jugador")VALUES ('España','Adama','Traore','Diarra');
INSERT INTO public."Jugadores_Seleccion"(   "Seleccion", "Nombre_Jugador", "Apellido1_Jugador", "Apellido2_Jugador")VALUES ('España','Ansu','Fati','   ');
INSERT INTO public."Jugadores_Seleccion"(   "Seleccion", "Nombre_Jugador", "Apellido1_Jugador", "Apellido2_Jugador")VALUES ('España','Ferran','Torres','   ');
INSERT INTO public."Jugadores_Seleccion"(   "Seleccion", "Nombre_Jugador", "Apellido1_Jugador", "Apellido2_Jugador")VALUES ('España','Alvaro','Morata','   ');
INSERT INTO public."Jugadores_Seleccion"(   "Seleccion", "Nombre_Jugador", "Apellido1_Jugador", "Apellido2_Jugador")VALUES ('España','Gavi','Paez','   ');
INSERT INTO public."Jugadores_Seleccion"(   "Seleccion", "Nombre_Jugador", "Apellido1_Jugador", "Apellido2_Jugador")VALUES ('España','Pedri','Gonzalez','   ');
INSERT INTO public."Jugadores_Seleccion"(   "Seleccion", "Nombre_Jugador", "Apellido1_Jugador", "Apellido2_Jugador")VALUES ('España','Unai','Simon','   ');
INSERT INTO public."Jugadores_Seleccion"(   "Seleccion", "Nombre_Jugador", "Apellido1_Jugador", "Apellido2_Jugador")VALUES ('España','Thiago','Alcantara','   ');
INSERT INTO public."Jugadores_Seleccion"(   "Seleccion", "Nombre_Jugador", "Apellido1_Jugador", "Apellido2_Jugador")VALUES ('España','Marco','Asencio','   ');
INSERT INTO public."Jugadores_Seleccion"(   "Seleccion", "Nombre_Jugador", "Apellido1_Jugador", "Apellido2_Jugador")VALUES ('España','Marc','Cucurella','   ');
INSERT INTO public."Jugadores_Seleccion"(   "Seleccion", "Nombre_Jugador", "Apellido1_Jugador", "Apellido2_Jugador")VALUES ('España','Pablo','Sarabia','   ');
INSERT INTO public."Jugadores_Seleccion"(   "Seleccion", "Nombre_Jugador", "Apellido1_Jugador", "Apellido2_Jugador")VALUES ('España','Aymeric','Laporte','   ');
INSERT INTO public."Jugadores_Seleccion"(   "Seleccion", "Nombre_Jugador", "Apellido1_Jugador", "Apellido2_Jugador")VALUES ('España','Marcos','Alonso','Mendoza');
INSERT INTO public."Jugadores_Seleccion"(   "Seleccion", "Nombre_Jugador", "Apellido1_Jugador", "Apellido2_Jugador")VALUES ('España','Pau','Torres','  ');
INSERT INTO public."Jugadores_Seleccion"(   "Seleccion", "Nombre_Jugador", "Apellido1_Jugador", "Apellido2_Jugador")VALUES ('España','David','Raya','  ');
INSERT INTO public."Jugadores_Seleccion"(   "Seleccion", "Nombre_Jugador", "Apellido1_Jugador", "Apellido2_Jugador")VALUES ('España','Dani','Olmo','  ');
INSERT INTO public."Jugadores_Seleccion"(   "Seleccion", "Nombre_Jugador", "Apellido1_Jugador", "Apellido2_Jugador")VALUES ('España','Jordi','Alba','  ');
INSERT INTO public."Jugadores_Seleccion"(   "Seleccion", "Nombre_Jugador", "Apellido1_Jugador", "Apellido2_Jugador")VALUES ('Italia','Gianluigi','Donnarumma','  ');
INSERT INTO public."Jugadores_Seleccion"(   "Seleccion", "Nombre_Jugador", "Apellido1_Jugador", "Apellido2_Jugador")VALUES ('Italia','Ciro','Immobile','  ');
INSERT INTO public."Jugadores_Seleccion"(   "Seleccion", "Nombre_Jugador", "Apellido1_Jugador", "Apellido2_Jugador")VALUES ('Italia','Sandro','Tonali','  ');
INSERT INTO public."Jugadores_Seleccion"(   "Seleccion", "Nombre_Jugador", "Apellido1_Jugador", "Apellido2_Jugador")VALUES ('Italia','Federico','Gatti','  ');
INSERT INTO public."Jugadores_Seleccion"(   "Seleccion", "Nombre_Jugador", "Apellido1_Jugador", "Apellido2_Jugador")VALUES ('Italia','Giovanni','Di Lorenzo','  ');
INSERT INTO public."Jugadores_Seleccion"(   "Seleccion", "Nombre_Jugador", "Apellido1_Jugador", "Apellido2_Jugador")VALUES ('Italia','Federico','Dimarco','  ');
INSERT INTO public."Jugadores_Seleccion"(   "Seleccion", "Nombre_Jugador", "Apellido1_Jugador", "Apellido2_Jugador")VALUES ('Italia','Rafael','Toloi','  ');
INSERT INTO public."Jugadores_Seleccion"(   "Seleccion", "Nombre_Jugador", "Apellido1_Jugador", "Apellido2_Jugador")VALUES ('Italia','Luiz','Felipe','  ');
INSERT INTO public."Jugadores_Seleccion"(   "Seleccion", "Nombre_Jugador", "Apellido1_Jugador", "Apellido2_Jugador")VALUES ('Italia','Jorginho','Frello','  ');
INSERT INTO public."Jugadores_Seleccion"(   "Seleccion", "Nombre_Jugador", "Apellido1_Jugador", "Apellido2_Jugador")VALUES ('Italia','Gianluca','Scamacca','  ');
INSERT INTO public."Jugadores_Seleccion"(   "Seleccion", "Nombre_Jugador", "Apellido1_Jugador", "Apellido2_Jugador")VALUES ('Italia','Giacomo','Raspadori','  ');
INSERT INTO public."Jugadores_Seleccion"(   "Seleccion", "Nombre_Jugador", "Apellido1_Jugador", "Apellido2_Jugador")VALUES ('Italia','Wilfried','Gnonto','  ');
INSERT INTO public."Jugadores_Seleccion"(   "Seleccion", "Nombre_Jugador", "Apellido1_Jugador", "Apellido2_Jugador")VALUES ('Italia','Alex','Meret','  ');
INSERT INTO public."Jugadores_Seleccion"(   "Seleccion", "Nombre_Jugador", "Apellido1_Jugador", "Apellido2_Jugador")VALUES ('Italia','Francesco','Acercbi','  ');
INSERT INTO public."Jugadores_Seleccion"(   "Seleccion", "Nombre_Jugador", "Apellido1_Jugador", "Apellido2_Jugador")VALUES ('Italia','Bryan','Cristante','  ');
INSERT INTO public."Jugadores_Seleccion"(   "Seleccion", "Nombre_Jugador", "Apellido1_Jugador", "Apellido2_Jugador")VALUES ('Italia','Nicolo','Barella','  ');
INSERT INTO public."Jugadores_Seleccion"(   "Seleccion", "Nombre_Jugador", "Apellido1_Jugador", "Apellido2_Jugador")VALUES ('Italia','Leonardo','Bonucci','  ');
INSERT INTO public."Jugadores_Seleccion"(   "Seleccion", "Nombre_Jugador", "Apellido1_Jugador", "Apellido2_Jugador")VALUES ('Italia','Alessandro','Bastoni','  ');
INSERT INTO public."Jugadores_Seleccion"(   "Seleccion", "Nombre_Jugador", "Apellido1_Jugador", "Apellido2_Jugador")VALUES ('Italia','Ivan','Provedel','  ');
INSERT INTO public."Jugadores_Seleccion"(   "Seleccion", "Nombre_Jugador", "Apellido1_Jugador", "Apellido2_Jugador")VALUES ('Italia','Alessio','Zerbin','  ');
INSERT INTO public."Jugadores_Seleccion"(   "Seleccion", "Nombre_Jugador", "Apellido1_Jugador", "Apellido2_Jugador")VALUES ('Brazil','Alisson','Becker','  ');
INSERT INTO public."Jugadores_Seleccion"(   "Seleccion", "Nombre_Jugador", "Apellido1_Jugador", "Apellido2_Jugador")VALUES ('Brazil','Neymar','Jr','  ');
INSERT INTO public."Jugadores_Seleccion"(   "Seleccion", "Nombre_Jugador", "Apellido1_Jugador", "Apellido2_Jugador")VALUES ('Brazil','Richarlison','De','Andrade');
INSERT INTO public."Jugadores_Seleccion"(   "Seleccion", "Nombre_Jugador", "Apellido1_Jugador", "Apellido2_Jugador")VALUES ('Brazil','Raphinha','Dias','  ');
INSERT INTO public."Jugadores_Seleccion"(   "Seleccion", "Nombre_Jugador", "Apellido1_Jugador", "Apellido2_Jugador")VALUES ('Brazil','Vinicius','Junior','  ');
INSERT INTO public."Jugadores_Seleccion"(   "Seleccion", "Nombre_Jugador", "Apellido1_Jugador", "Apellido2_Jugador")VALUES ('Brazil','Antony','Dos Santos','  ');
INSERT INTO public."Jugadores_Seleccion"(   "Seleccion", "Nombre_Jugador", "Apellido1_Jugador", "Apellido2_Jugador")VALUES ('Brazil','Gabriel','Jesus','  ');
INSERT INTO public."Jugadores_Seleccion"(   "Seleccion", "Nombre_Jugador", "Apellido1_Jugador", "Apellido2_Jugador")VALUES ('Brazil','Lucas','Paqueta','  ');
INSERT INTO public."Jugadores_Seleccion"(   "Seleccion", "Nombre_Jugador", "Apellido1_Jugador", "Apellido2_Jugador")VALUES ('Brazil','Thiago','Silva','  ');
INSERT INTO public."Jugadores_Seleccion"(   "Seleccion", "Nombre_Jugador", "Apellido1_Jugador", "Apellido2_Jugador")VALUES ('Brazil','Carlos','Casemiro','  ');
INSERT INTO public."Jugadores_Seleccion"(   "Seleccion", "Nombre_Jugador", "Apellido1_Jugador", "Apellido2_Jugador")VALUES ('Brazil','Dani','Alves','  ');
INSERT INTO public."Jugadores_Seleccion"(   "Seleccion", "Nombre_Jugador", "Apellido1_Jugador", "Apellido2_Jugador")VALUES ('Brazil','Rodrygo','De Goes','  ');
INSERT INTO public."Jugadores_Seleccion"(   "Seleccion", "Nombre_Jugador", "Apellido1_Jugador", "Apellido2_Jugador")VALUES ('Brazil','Alex','Telles','  ');
INSERT INTO public."Jugadores_Seleccion"(   "Seleccion", "Nombre_Jugador", "Apellido1_Jugador", "Apellido2_Jugador")VALUES ('Brazil','Gabriel','Barbosa','  ');
INSERT INTO public."Jugadores_Seleccion"(   "Seleccion", "Nombre_Jugador", "Apellido1_Jugador", "Apellido2_Jugador")VALUES ('Brazil','Roberto','Firmino','  ');
INSERT INTO public."Jugadores_Seleccion"(   "Seleccion", "Nombre_Jugador", "Apellido1_Jugador", "Apellido2_Jugador")VALUES ('Brazil','Ederson','Moraes','  ');
INSERT INTO public."Jugadores_Seleccion"(   "Seleccion", "Nombre_Jugador", "Apellido1_Jugador", "Apellido2_Jugador")VALUES ('Brazil','Matheus','Cunha','  ');
INSERT INTO public."Jugadores_Seleccion"(   "Seleccion", "Nombre_Jugador", "Apellido1_Jugador", "Apellido2_Jugador")VALUES ('Brazil','Eder','Militao','  ');
INSERT INTO public."Jugadores_Seleccion"(   "Seleccion", "Nombre_Jugador", "Apellido1_Jugador", "Apellido2_Jugador")VALUES ('Brazil','Danilo','Da Silva','  ');
INSERT INTO public."Jugadores_Seleccion"(   "Seleccion", "Nombre_Jugador", "Apellido1_Jugador", "Apellido2_Jugador")VALUES ('Brazil','Renan','Lodi','  ');
INSERT INTO public."Jugadores_Seleccion"(   "Seleccion", "Nombre_Jugador", "Apellido1_Jugador", "Apellido2_Jugador")VALUES ('Colombia','David','Ospina','  ');
INSERT INTO public."Jugadores_Seleccion"(   "Seleccion", "Nombre_Jugador", "Apellido1_Jugador", "Apellido2_Jugador")VALUES ('Colombia','James','Rodriguez','  ');
INSERT INTO public."Jugadores_Seleccion"(   "Seleccion", "Nombre_Jugador", "Apellido1_Jugador", "Apellido2_Jugador")VALUES ('Colombia','Luiz','Diaz','  ');
INSERT INTO public."Jugadores_Seleccion"(   "Seleccion", "Nombre_Jugador", "Apellido1_Jugador", "Apellido2_Jugador")VALUES ('Colombia','Radamel','Falcao','Garcia');
INSERT INTO public."Jugadores_Seleccion"(   "Seleccion", "Nombre_Jugador", "Apellido1_Jugador", "Apellido2_Jugador")VALUES ('Colombia','Andres','Linas','  ');
INSERT INTO public."Jugadores_Seleccion"(   "Seleccion", "Nombre_Jugador", "Apellido1_Jugador", "Apellido2_Jugador")VALUES ('Colombia','Yaser','Asprilla','  ');
INSERT INTO public."Jugadores_Seleccion"(   "Seleccion", "Nombre_Jugador", "Apellido1_Jugador", "Apellido2_Jugador")VALUES ('Colombia','Jorde','Carrascal','  ');
INSERT INTO public."Jugadores_Seleccion"(   "Seleccion", "Nombre_Jugador", "Apellido1_Jugador", "Apellido2_Jugador")VALUES ('Colombia','Juan','Cuadrado','  ');
INSERT INTO public."Jugadores_Seleccion"(   "Seleccion", "Nombre_Jugador", "Apellido1_Jugador", "Apellido2_Jugador")VALUES ('Colombia','Yerry','Mina','  ');
INSERT INTO public."Jugadores_Seleccion"(   "Seleccion", "Nombre_Jugador", "Apellido1_Jugador", "Apellido2_Jugador")VALUES ('Colombia','Wilmar','Barrios','  ');
INSERT INTO public."Jugadores_Seleccion"(   "Seleccion", "Nombre_Jugador", "Apellido1_Jugador", "Apellido2_Jugador")VALUES ('Colombia','Santiago','Arias','  ');
INSERT INTO public."Jugadores_Seleccion"(   "Seleccion", "Nombre_Jugador", "Apellido1_Jugador", "Apellido2_Jugador")VALUES ('Colombia','John','Duran','  ');
INSERT INTO public."Jugadores_Seleccion"(   "Seleccion", "Nombre_Jugador", "Apellido1_Jugador", "Apellido2_Jugador")VALUES ('Colombia','Roger','Martinez','  ');
INSERT INTO public."Jugadores_Seleccion"(   "Seleccion", "Nombre_Jugador", "Apellido1_Jugador", "Apellido2_Jugador")VALUES ('Colombia','John','Arias','  ');
INSERT INTO public."Jugadores_Seleccion"(   "Seleccion", "Nombre_Jugador", "Apellido1_Jugador", "Apellido2_Jugador")VALUES ('Colombia','Davinson','Sanchez','  ');
INSERT INTO public."Jugadores_Seleccion"(   "Seleccion", "Nombre_Jugador", "Apellido1_Jugador", "Apellido2_Jugador")VALUES ('Colombia','Camilo','Vargas','  ');
INSERT INTO public."Jugadores_Seleccion"(   "Seleccion", "Nombre_Jugador", "Apellido1_Jugador", "Apellido2_Jugador")VALUES ('Colombia','Luis','Muriel','  ');
INSERT INTO public."Jugadores_Seleccion"(   "Seleccion", "Nombre_Jugador", "Apellido1_Jugador", "Apellido2_Jugador")VALUES ('Colombia','Javier','Suarez','  ');
INSERT INTO public."Jugadores_Seleccion"(   "Seleccion", "Nombre_Jugador", "Apellido1_Jugador", "Apellido2_Jugador")VALUES ('Colombia','Duvan','Zapata','  ');
INSERT INTO public."Jugadores_Seleccion"(   "Seleccion", "Nombre_Jugador", "Apellido1_Jugador", "Apellido2_Jugador")VALUES ('Colombia','Stefan','Medina','  ');

-----------------------------------------------

INSERT INTO public."Jugadores_Club"(  "Club", "Nombre_Jugador", "Apellido1_Jugador", "Apellido2_Jugador")VALUES ( 'Saprissa','Kevin','Chamorro','  ');
INSERT INTO public."Jugadores_Club"(  "Club", "Nombre_Jugador", "Apellido1_Jugador", "Apellido2_Jugador")VALUES ('Saprissa','Aron','Cruz','  ');
INSERT INTO public."Jugadores_Club"(  "Club", "Nombre_Jugador", "Apellido1_Jugador", "Apellido2_Jugador")VALUES ('Saprissa','Ricardo','Blanco','  ');
INSERT INTO public."Jugadores_Club"(  "Club", "Nombre_Jugador", "Apellido1_Jugador", "Apellido2_Jugador")VALUES ('Saprissa','Ryan','Bolaños','  ');
INSERT INTO public."Jugadores_Club"(  "Club", "Nombre_Jugador", "Apellido1_Jugador", "Apellido2_Jugador")VALUES ('Saprissa','Kendall','Waston','  ');
INSERT INTO public."Jugadores_Club"(  "Club", "Nombre_Jugador", "Apellido1_Jugador", "Apellido2_Jugador")VALUES ('Saprissa','Sergio','Cespedes','  ');
INSERT INTO public."Jugadores_Club"(  "Club", "Nombre_Jugador", "Apellido1_Jugador", "Apellido2_Jugador")VALUES ('Saprissa','Walter','Cortes','  ');
INSERT INTO public."Jugadores_Club"(  "Club", "Nombre_Jugador", "Apellido1_Jugador", "Apellido2_Jugador")VALUES ('Saprissa','Aubrey','David','  ');
INSERT INTO public."Jugadores_Club"(  "Club", "Nombre_Jugador", "Apellido1_Jugador", "Apellido2_Jugador")VALUES ('Saprissa','Kevin','Espinoza','  ');
INSERT INTO public."Jugadores_Club"(  "Club", "Nombre_Jugador", "Apellido1_Jugador", "Apellido2_Jugador")VALUES ('Saprissa','Jordy','Evans','  ');
INSERT INTO public."Jugadores_Club"(  "Club", "Nombre_Jugador", "Apellido1_Jugador", "Apellido2_Jugador")VALUES ('Saprissa','Marvin','Angulo','  ');
INSERT INTO public."Jugadores_Club"(  "Club", "Nombre_Jugador", "Apellido1_Jugador", "Apellido2_Jugador")VALUES ('Saprissa','David','Guzman','  ');
INSERT INTO public."Jugadores_Club"(  "Club", "Nombre_Jugador", "Apellido1_Jugador", "Apellido2_Jugador")VALUES ('Saprissa','Jaylon','Hadden','  ');
INSERT INTO public."Jugadores_Club"(  "Club", "Nombre_Jugador", "Apellido1_Jugador", "Apellido2_Jugador")VALUES ('Saprissa','Jimmy','Marin','  ');
INSERT INTO public."Jugadores_Club"(  "Club", "Nombre_Jugador", "Apellido1_Jugador", "Apellido2_Jugador")VALUES ('Saprissa','Victor','Medina','  ');
INSERT INTO public."Jugadores_Club"(  "Club", "Nombre_Jugador", "Apellido1_Jugador", "Apellido2_Jugador")VALUES ('Saprissa','Ulises','Segura','  ');
INSERT INTO public."Jugadores_Club"(  "Club", "Nombre_Jugador", "Apellido1_Jugador", "Apellido2_Jugador")VALUES ('Saprissa','Mariano','Torres','  ');
INSERT INTO public."Jugadores_Club"(  "Club", "Nombre_Jugador", "Apellido1_Jugador", "Apellido2_Jugador")VALUES ('Saprissa','Alvaro','Zamora','  ');
INSERT INTO public."Jugadores_Club"(  "Club", "Nombre_Jugador", "Apellido1_Jugador", "Apellido2_Jugador")VALUES ('Saprissa','Christian','Bolaños','  ');
INSERT INTO public."Jugadores_Club"(  "Club", "Nombre_Jugador", "Apellido1_Jugador", "Apellido2_Jugador")VALUES ('Saprissa','Ariel','Rodriguez','  ');
INSERT INTO public."Jugadores_Club"(  "Club", "Nombre_Jugador", "Apellido1_Jugador", "Apellido2_Jugador")VALUES ('Heredia','Esteban','Alvarado','  ');
INSERT INTO public."Jugadores_Club"(  "Club", "Nombre_Jugador", "Apellido1_Jugador", "Apellido2_Jugador")VALUES ('Heredia','Brayan','Segura','  ');
INSERT INTO public."Jugadores_Club"(  "Club", "Nombre_Jugador", "Apellido1_Jugador", "Apellido2_Jugador")VALUES ('Heredia','Orlando','Galo','  ');
INSERT INTO public."Jugadores_Club"(  "Club", "Nombre_Jugador", "Apellido1_Jugador", "Apellido2_Jugador")VALUES ('Heredia','Jafet','Rodriguez','  ');
INSERT INTO public."Jugadores_Club"(  "Club", "Nombre_Jugador", "Apellido1_Jugador", "Apellido2_Jugador")VALUES ('Heredia','Ariel','Soto','Gonzalez');
INSERT INTO public."Jugadores_Club"(  "Club", "Nombre_Jugador", "Apellido1_Jugador", "Apellido2_Jugador")VALUES ('Heredia','Douglas','Lopez','  ');
INSERT INTO public."Jugadores_Club"(  "Club", "Nombre_Jugador", "Apellido1_Jugador", "Apellido2_Jugador")VALUES ('Heredia','Keysher','Fuller','  ');
INSERT INTO public."Jugadores_Club"(  "Club", "Nombre_Jugador", "Apellido1_Jugador", "Apellido2_Jugador")VALUES ('Heredia','Waylon','Francis','  ');
INSERT INTO public."Jugadores_Club"(  "Club", "Nombre_Jugador", "Apellido1_Jugador", "Apellido2_Jugador")VALUES ('Heredia','Aaron','Salazar','  ');
INSERT INTO public."Jugadores_Club"(  "Club", "Nombre_Jugador", "Apellido1_Jugador", "Apellido2_Jugador")VALUES ('Heredia','Geovanni','Campos','  ');
INSERT INTO public."Jugadores_Club"(  "Club", "Nombre_Jugador", "Apellido1_Jugador", "Apellido2_Jugador")VALUES ('Heredia','Gerson','Torres','  ');
INSERT INTO public."Jugadores_Club"(  "Club", "Nombre_Jugador", "Apellido1_Jugador", "Apellido2_Jugador")VALUES ('Heredia','Diego','Gonzalez','  ');
INSERT INTO public."Jugadores_Club"(  "Club", "Nombre_Jugador", "Apellido1_Jugador", "Apellido2_Jugador")VALUES ('Heredia','Yelsin','Tejeda','  ');
INSERT INTO public."Jugadores_Club"(  "Club", "Nombre_Jugador", "Apellido1_Jugador", "Apellido2_Jugador")VALUES ('Heredia','Jefferson','Brenes','  ');
INSERT INTO public."Jugadores_Club"(  "Club", "Nombre_Jugador", "Apellido1_Jugador", "Apellido2_Jugador")VALUES ('Heredia','Yendrick','Ruiz','  ');
INSERT INTO public."Jugadores_Club"(  "Club", "Nombre_Jugador", "Apellido1_Jugador", "Apellido2_Jugador")VALUES ('Heredia','Kenneth','Vargas','  ');
INSERT INTO public."Jugadores_Club"(  "Club", "Nombre_Jugador", "Apellido1_Jugador", "Apellido2_Jugador")VALUES ('Heredia','Brayan','Rojas','  ');
INSERT INTO public."Jugadores_Club"(  "Club", "Nombre_Jugador", "Apellido1_Jugador", "Apellido2_Jugador")VALUES ('Heredia','Marcos','Escoe','  ');
INSERT INTO public."Jugadores_Club"(  "Club", "Nombre_Jugador", "Apellido1_Jugador", "Apellido2_Jugador")VALUES ('Heredia','Anthony','Ruiz','  ');
INSERT INTO public."Jugadores_Club"(  "Club", "Nombre_Jugador", "Apellido1_Jugador", "Apellido2_Jugador")VALUES ('Heredia','Kennedy','Rocha','  ');
INSERT INTO public."Jugadores_Club"(  "Club", "Nombre_Jugador", "Apellido1_Jugador", "Apellido2_Jugador")VALUES ('Cartago','Darryl','Parker','  ');
INSERT INTO public."Jugadores_Club"(  "Club", "Nombre_Jugador", "Apellido1_Jugador", "Apellido2_Jugador")VALUES ('Cartago','William','Quiros','  ');
INSERT INTO public."Jugadores_Club"(  "Club", "Nombre_Jugador", "Apellido1_Jugador", "Apellido2_Jugador")VALUES ('Cartago','Jose','Vargas','  ');
INSERT INTO public."Jugadores_Club"(  "Club", "Nombre_Jugador", "Apellido1_Jugador", "Apellido2_Jugador")VALUES ('Cartago','Jeikel','Venegas','  ');
INSERT INTO public."Jugadores_Club"(  "Club", "Nombre_Jugador", "Apellido1_Jugador", "Apellido2_Jugador")VALUES ('Cartago','Allen','Guevara','  ');
INSERT INTO public."Jugadores_Club"(  "Club", "Nombre_Jugador", "Apellido1_Jugador", "Apellido2_Jugador")VALUES ('Cartago','Mauricio','Montero','  ');
INSERT INTO public."Jugadores_Club"(  "Club", "Nombre_Jugador", "Apellido1_Jugador", "Apellido2_Jugador")VALUES ('Cartago','Marcel','Hernandez','  ');
INSERT INTO public."Jugadores_Club"(  "Club", "Nombre_Jugador", "Apellido1_Jugador", "Apellido2_Jugador")VALUES ('Cartago','Ronaldo','Araya','  ');
INSERT INTO public."Jugadores_Club"(  "Club", "Nombre_Jugador", "Apellido1_Jugador", "Apellido2_Jugador")VALUES ('Cartago','Kenneth','Cerdas','  ');
INSERT INTO public."Jugadores_Club"(  "Club", "Nombre_Jugador", "Apellido1_Jugador", "Apellido2_Jugador")VALUES ('Cartago','Marcos','Cubillo','  ');
INSERT INTO public."Jugadores_Club"(  "Club", "Nombre_Jugador", "Apellido1_Jugador", "Apellido2_Jugador")VALUES ('Cartago','Byron','Bonilla','  ');
INSERT INTO public."Jugadores_Club"(  "Club", "Nombre_Jugador", "Apellido1_Jugador", "Apellido2_Jugador")VALUES ('Cartago','Daniel','Chacon','  ');
INSERT INTO public."Jugadores_Club"(  "Club", "Nombre_Jugador", "Apellido1_Jugador", "Apellido2_Jugador")VALUES ('Cartago','Carlos','Barahona','  ');
INSERT INTO public."Jugadores_Club"(  "Club", "Nombre_Jugador", "Apellido1_Jugador", "Apellido2_Jugador")VALUES ('Cartago','Marcos','Ureña','  ');
INSERT INTO public."Jugadores_Club"(  "Club", "Nombre_Jugador", "Apellido1_Jugador", "Apellido2_Jugador")VALUES ('Cartago','Brandon','Bonilla','  ');
INSERT INTO public."Jugadores_Club"(  "Club", "Nombre_Jugador", "Apellido1_Jugador", "Apellido2_Jugador")VALUES ('Cartago','Michael','Barrantes','  ');
INSERT INTO public."Jugadores_Club"(  "Club", "Nombre_Jugador", "Apellido1_Jugador", "Apellido2_Jugador")VALUES ('Cartago','Kevin','Briceño','  ');
INSERT INTO public."Jugadores_Club"(  "Club", "Nombre_Jugador", "Apellido1_Jugador", "Apellido2_Jugador")VALUES ('Cartago','Dylan','Flores','  ');
INSERT INTO public."Jugadores_Club"(  "Club", "Nombre_Jugador", "Apellido1_Jugador", "Apellido2_Jugador")VALUES ('Cartago','Isaac','Paris','  ');
INSERT INTO public."Jugadores_Club"(  "Club", "Nombre_Jugador", "Apellido1_Jugador", "Apellido2_Jugador")VALUES ('Cartago','Victor','Murillo','  ');
INSERT INTO public."Jugadores_Club"(  "Club", "Nombre_Jugador", "Apellido1_Jugador", "Apellido2_Jugador")VALUES ('Alajuela','Erick','Cabalceta','  ');
INSERT INTO public."Jugadores_Club"(  "Club", "Nombre_Jugador", "Apellido1_Jugador", "Apellido2_Jugador")VALUES ('Alajuela','Ian','Smith','  ');
INSERT INTO public."Jugadores_Club"(  "Club", "Nombre_Jugador", "Apellido1_Jugador", "Apellido2_Jugador")VALUES ('Alajuela','Celso','Borges','  ');
INSERT INTO public."Jugadores_Club"(  "Club", "Nombre_Jugador", "Apellido1_Jugador", "Apellido2_Jugador")VALUES ('Alajuela','Johan','Venegas','  ');
INSERT INTO public."Jugadores_Club"(  "Club", "Nombre_Jugador", "Apellido1_Jugador", "Apellido2_Jugador")VALUES ('Alajuela','Brayan','Ruiz','  ');
INSERT INTO public."Jugadores_Club"(  "Club", "Nombre_Jugador", "Apellido1_Jugador", "Apellido2_Jugador")VALUES ('Alajuela','Alexander','Lopez','  ');
INSERT INTO public."Jugadores_Club"(  "Club", "Nombre_Jugador", "Apellido1_Jugador", "Apellido2_Jugador")VALUES ('Alajuela','Alexis','Gamboa','  ');
INSERT INTO public."Jugadores_Club"(  "Club", "Nombre_Jugador", "Apellido1_Jugador", "Apellido2_Jugador")VALUES ('Alajuela','Yael','Lopez','  ');
INSERT INTO public."Jugadores_Club"(  "Club", "Nombre_Jugador", "Apellido1_Jugador", "Apellido2_Jugador")VALUES ('Alajuela','Carlos','Mora','  ');
INSERT INTO public."Jugadores_Club"(  "Club", "Nombre_Jugador", "Apellido1_Jugador", "Apellido2_Jugador")VALUES ('Alajuela','Giancarlo','Gonzalez','  ');
INSERT INTO public."Jugadores_Club"(  "Club", "Nombre_Jugador", "Apellido1_Jugador", "Apellido2_Jugador")VALUES ('Alajuela','Leonel','Moreira','  ');
INSERT INTO public."Jugadores_Club"(  "Club", "Nombre_Jugador", "Apellido1_Jugador", "Apellido2_Jugador")VALUES ('Alajuela','Bernald','Alfaro','  ');
INSERT INTO public."Jugadores_Club"(  "Club", "Nombre_Jugador", "Apellido1_Jugador", "Apellido2_Jugador")VALUES ('Alajuela','Ian','Lawrence','  ');
INSERT INTO public."Jugadores_Club"(  "Club", "Nombre_Jugador", "Apellido1_Jugador", "Apellido2_Jugador")VALUES ('Alajuela','Jose Miguel','Cubero','  ');
INSERT INTO public."Jugadores_Club"(  "Club", "Nombre_Jugador", "Apellido1_Jugador", "Apellido2_Jugador")VALUES ('Alajuela','Miguel','Aju','  ');
INSERT INTO public."Jugadores_Club"(  "Club", "Nombre_Jugador", "Apellido1_Jugador", "Apellido2_Jugador")VALUES ('Alajuela','Freddy','Gondola','  ');
INSERT INTO public."Jugadores_Club"(  "Club", "Nombre_Jugador", "Apellido1_Jugador", "Apellido2_Jugador")VALUES ('Alajuela','Bayron','Mora','  ');
INSERT INTO public."Jugadores_Club"(  "Club", "Nombre_Jugador", "Apellido1_Jugador", "Apellido2_Jugador")VALUES ('Alajuela','Bryan','Felix','  ');
INSERT INTO public."Jugadores_Club"(  "Club", "Nombre_Jugador", "Apellido1_Jugador", "Apellido2_Jugador")VALUES ('Alajuela','Aaron','Suarez','  ');
INSERT INTO public."Jugadores_Club"(  "Club", "Nombre_Jugador", "Apellido1_Jugador", "Apellido2_Jugador")VALUES ('Alajuela','Doryan','Rodriguez','  ');

