INSERT INTO public."Selecciones"(  "Seleccion")VALUES ('Francia');
INSERT INTO public."Selecciones"(  "Seleccion")VALUES ('Argentina');
INSERT INTO public."Selecciones"(  "Seleccion")VALUES ('Costa Rica');
INSERT INTO public."Selecciones"(  "Seleccion")VALUES ('Inglaterra');
INSERT INTO public."Selecciones"(  "Seleccion")VALUES ('España');
INSERT INTO public."Selecciones"(  "Seleccion")VALUES ('Italia');
INSERT INTO public."Selecciones"(  "Seleccion")VALUES ('Brazil');
INSERT INTO public."Selecciones"(  "Seleccion")VALUES ('Colombia');

--------------------------------------
INSERT INTO public."Clubes"(  "Club")VALUES ( 'Saprissa');
INSERT INTO public."Clubes"(  "Club")VALUES ('Heredia');
INSERT INTO public."Clubes"(  "Club")VALUES ('Cartago');
INSERT INTO public."Clubes"(  "Club")VALUES ('Alajuela');

-----------------------------------------

INSERT INTO public."Jugadores_Seleccion"(   "Seleccion", "Nombre_Jugador", "Apellido1_Jugador", "Apellido2_Jugador")VALUES ( 'Francia','Hugo','Lloris','  ');
INSERT INTO public."Jugadores_Seleccion"(   "Seleccion", "Nombre_Jugador", "Apellido1_Jugador", "Apellido2_Jugador")VALUES ('Francia','Alban','Lafont','  ');
INSERT INTO public."Jugadores_Seleccion"(   "Seleccion", "Nombre_Jugador", "Apellido1_Jugador", "Apellido2_Jugador")VALUES ('Francia','Bnenjamin','Pavard','  ');
INSERT INTO public."Jugadores_Seleccion"(   "Seleccion", "Nombre_Jugador", "Apellido1_Jugador", "Apellido2_Jugador")VALUES ('Francia','William ','Saliba','  ');
INSERT INTO public."Jugadores_Seleccion"(   "Seleccion", "Nombre_Jugador", "Apellido1_Jugador", "Apellido2_Jugador")VALUES ('Francia','Raphael','Varane','  ');
INSERT INTO public."Jugadores_Seleccion"(   "Seleccion", "Nombre_Jugador", "Apellido1_Jugador", "Apellido2_Jugador")VALUES ('Francia','Dayot ','Upamecano','  ');
INSERT INTO public."Jugadores_Seleccion"(   "Seleccion", "Nombre_Jugador", "Apellido1_Jugador", "Apellido2_Jugador")VALUES ('Francia','Jules','Kounde','  ');
INSERT INTO public."Jugadores_Seleccion"(   "Seleccion", "Nombre_Jugador", "Apellido1_Jugador", "Apellido2_Jugador")VALUES ('Francia','Eduardo','Camavinga','  ');
INSERT INTO public."Jugadores_Seleccion"(   "Seleccion", "Nombre_Jugador", "Apellido1_Jugador", "Apellido2_Jugador")VALUES ('Francia','Antoine','Griezmann','  ');
INSERT INTO public."Jugadores_Seleccion"(   "Seleccion", "Nombre_Jugador", "Apellido1_Jugador", "Apellido2_Jugador")VALUES ('Francia','Aurelien ','Tchouameni','  ');
INSERT INTO public."Jugadores_Seleccion"(   "Seleccion", "Nombre_Jugador", "Apellido1_Jugador", "Apellido2_Jugador")VALUES ('Francia','Oliver','Giroud','  ');
INSERT INTO public."Jugadores_Seleccion"(   "Seleccion", "Nombre_Jugador", "Apellido1_Jugador", "Apellido2_Jugador")VALUES ('Francia','Kylian','Mbappe','  ');
INSERT INTO public."Jugadores_Seleccion"(   "Seleccion", "Nombre_Jugador", "Apellido1_Jugador", "Apellido2_Jugador")VALUES ('Francia','Ousmane','Dembele','  ');
INSERT INTO public."Jugadores_Seleccion"(   "Seleccion", "Nombre_Jugador", "Apellido1_Jugador", "Apellido2_Jugador")VALUES ('Francia','Christopher','Nkunku','  ');
INSERT INTO public."Jugadores_Seleccion"(   "Seleccion", "Nombre_Jugador", "Apellido1_Jugador", "Apellido2_Jugador")VALUES ('Francia','Matteo','Guendouzi','  ');
INSERT INTO public."Jugadores_Seleccion"(   "Seleccion", "Nombre_Jugador", "Apellido1_Jugador", "Apellido2_Jugador")VALUES ('Francia','Jonathan','Clauss','  ');
INSERT INTO public."Jugadores_Seleccion"(   "Seleccion", "Nombre_Jugador", "Apellido1_Jugador", "Apellido2_Jugador")VALUES ('Francia','Steve','Miranda','  ');
INSERT INTO public."Jugadores_Seleccion"(   "Seleccion", "Nombre_Jugador", "Apellido1_Jugador", "Apellido2_Jugador")VALUES ('Francia','Jordan','Veretout','  ');
INSERT INTO public."Jugadores_Seleccion"(   "Seleccion", "Nombre_Jugador", "Apellido1_Jugador", "Apellido2_Jugador")VALUES ('Francia','Ferland','Mendy','  ');
INSERT INTO public."Jugadores_Seleccion"(   "Seleccion", "Nombre_Jugador", "Apellido1_Jugador", "Apellido2_Jugador")VALUES ('Francia','Alphonse','Areola','  ');
INSERT INTO public."Jugadores_Seleccion"(   "Seleccion", "Nombre_Jugador", "Apellido1_Jugador", "Apellido2_Jugador")VALUES ('Argentina','Franco','Armani','  ');
INSERT INTO public."Jugadores_Seleccion"(   "Seleccion", "Nombre_Jugador", "Apellido1_Jugador", "Apellido2_Jugador")VALUES ('Argentina','Lisandro','Martinez','  ');
INSERT INTO public."Jugadores_Seleccion"(   "Seleccion", "Nombre_Jugador", "Apellido1_Jugador", "Apellido2_Jugador")VALUES ('Argentina','Nicolas','Tagliafico','  ');
INSERT INTO public."Jugadores_Seleccion"(   "Seleccion", "Nombre_Jugador", "Apellido1_Jugador", "Apellido2_Jugador")VALUES ('Argentina','Gonzalo','Montiel','  ');
INSERT INTO public."Jugadores_Seleccion"(   "Seleccion", "Nombre_Jugador", "Apellido1_Jugador", "Apellido2_Jugador")VALUES ('Argentina','Leandro','Paredes','  ');
INSERT INTO public."Jugadores_Seleccion"(   "Seleccion", "Nombre_Jugador", "Apellido1_Jugador", "Apellido2_Jugador")VALUES ('Argentina','German','Pezzella','  ');
INSERT INTO public."Jugadores_Seleccion"(   "Seleccion", "Nombre_Jugador", "Apellido1_Jugador", "Apellido2_Jugador")VALUES ('Argentina','Rodirgo','De Paul','  ');
INSERT INTO public."Jugadores_Seleccion"(   "Seleccion", "Nombre_Jugador", "Apellido1_Jugador", "Apellido2_Jugador")VALUES ('Argentina','Thiago','Almanda','  ');
INSERT INTO public."Jugadores_Seleccion"(   "Seleccion", "Nombre_Jugador", "Apellido1_Jugador", "Apellido2_Jugador")VALUES ('Argentina','Julian','Alvarez','  ');
INSERT INTO public."Jugadores_Seleccion"(   "Seleccion", "Nombre_Jugador", "Apellido1_Jugador", "Apellido2_Jugador")VALUES ('Argentina','Lionel','Messi','  ');
INSERT INTO public."Jugadores_Seleccion"(   "Seleccion", "Nombre_Jugador", "Apellido1_Jugador", "Apellido2_Jugador")VALUES ('Argentina','Angel','Di Maria','  ');
INSERT INTO public."Jugadores_Seleccion"(   "Seleccion", "Nombre_Jugador", "Apellido1_Jugador", "Apellido2_Jugador")VALUES ('Argentina','Gerinimo','Rulli','  ');
INSERT INTO public."Jugadores_Seleccion"(   "Seleccion", "Nombre_Jugador", "Apellido1_Jugador", "Apellido2_Jugador")VALUES ('Argentina','Cristian','Romero','  ');
INSERT INTO public."Jugadores_Seleccion"(   "Seleccion", "Nombre_Jugador", "Apellido1_Jugador", "Apellido2_Jugador")VALUES ('Argentina','Nehuen','Perez','  ');
INSERT INTO public."Jugadores_Seleccion"(   "Seleccion", "Nombre_Jugador", "Apellido1_Jugador", "Apellido2_Jugador")VALUES ('Argentina','Angel','Correa','  ');
INSERT INTO public."Jugadores_Seleccion"(   "Seleccion", "Nombre_Jugador", "Apellido1_Jugador", "Apellido2_Jugador")VALUES ('Argentina','Papu','Gomez','  ');
INSERT INTO public."Jugadores_Seleccion"(   "Seleccion", "Nombre_Jugador", "Apellido1_Jugador", "Apellido2_Jugador")VALUES ('Argentina','Joaquin','Correa','  ');
INSERT INTO public."Jugadores_Seleccion"(   "Seleccion", "Nombre_Jugador", "Apellido1_Jugador", "Apellido2_Jugador")VALUES ('Argentina','Giovani','Lo Celso','  ');
INSERT INTO public."Jugadores_Seleccion"(   "Seleccion", "Nombre_Jugador", "Apellido1_Jugador", "Apellido2_Jugador")VALUES ('Argentina','Lautaro','Martinez','  ');
INSERT INTO public."Jugadores_Seleccion"(   "Seleccion", "Nombre_Jugador", "Apellido1_Jugador", "Apellido2_Jugador")VALUES ('Argentina','Emiliano','Martinez','  ');
INSERT INTO public."Jugadores_Seleccion"(   "Seleccion", "Nombre_Jugador", "Apellido1_Jugador", "Apellido2_Jugador")VALUES ('Costa Rica','Keylor','Navas','  ');
INSERT INTO public."Jugadores_Seleccion"(   "Seleccion", "Nombre_Jugador", "Apellido1_Jugador", "Apellido2_Jugador")VALUES ('Costa Rica','Joel','Campbell','  ');
INSERT INTO public."Jugadores_Seleccion"(   "Seleccion", "Nombre_Jugador", "Apellido1_Jugador", "Apellido2_Jugador")VALUES ('Costa Rica','Brayan','Ruiz','  ');
INSERT INTO public."Jugadores_Seleccion"(   "Seleccion", "Nombre_Jugador", "Apellido1_Jugador", "Apellido2_Jugador")VALUES ('Costa Rica','Orlando','Galo','  ');
INSERT INTO public."Jugadores_Seleccion"(   "Seleccion", "Nombre_Jugador", "Apellido1_Jugador", "Apellido2_Jugador")VALUES ('Costa Rica','Celso','Borges','  ');
INSERT INTO public."Jugadores_Seleccion"(   "Seleccion", "Nombre_Jugador", "Apellido1_Jugador", "Apellido2_Jugador")VALUES ('Costa Rica','Anthony','Contreras','  ');
INSERT INTO public."Jugadores_Seleccion"(   "Seleccion", "Nombre_Jugador", "Apellido1_Jugador", "Apellido2_Jugador")VALUES ('Costa Rica','Francisco','Calvo','Quesada');
INSERT INTO public."Jugadores_Seleccion"(   "Seleccion", "Nombre_Jugador", "Apellido1_Jugador", "Apellido2_Jugador")VALUES ('Costa Rica','Oscar','Duarte','  ');
INSERT INTO public."Jugadores_Seleccion"(   "Seleccion", "Nombre_Jugador", "Apellido1_Jugador", "Apellido2_Jugador")VALUES ('Costa Rica','Esteban','Alvarado','  ');
INSERT INTO public."Jugadores_Seleccion"(   "Seleccion", "Nombre_Jugador", "Apellido1_Jugador", "Apellido2_Jugador")VALUES ('Costa Rica','Patrick','Sequeira','  ');
INSERT INTO public."Jugadores_Seleccion"(   "Seleccion", "Nombre_Jugador", "Apellido1_Jugador", "Apellido2_Jugador")VALUES ('Costa Rica','Juan Pablo','Vargas','  ');
INSERT INTO public."Jugadores_Seleccion"(   "Seleccion", "Nombre_Jugador", "Apellido1_Jugador", "Apellido2_Jugador")VALUES ('Costa Rica','Brayan','Oviedo','  ');
INSERT INTO public."Jugadores_Seleccion"(   "Seleccion", "Nombre_Jugador", "Apellido1_Jugador", "Apellido2_Jugador")VALUES ('Costa Rica','Brandon','Aguilera','  ');
INSERT INTO public."Jugadores_Seleccion"(   "Seleccion", "Nombre_Jugador", "Apellido1_Jugador", "Apellido2_Jugador")VALUES ('Costa Rica','Randall','Leal','  ');
INSERT INTO public."Jugadores_Seleccion"(   "Seleccion", "Nombre_Jugador", "Apellido1_Jugador", "Apellido2_Jugador")VALUES ('Costa Rica','Kendall','Waston','  ');
INSERT INTO public."Jugadores_Seleccion"(   "Seleccion", "Nombre_Jugador", "Apellido1_Jugador", "Apellido2_Jugador")VALUES ('Costa Rica','Ronald','Matarrita','  ');
INSERT INTO public."Jugadores_Seleccion"(   "Seleccion", "Nombre_Jugador", "Apellido1_Jugador", "Apellido2_Jugador")VALUES ('Costa Rica','Cristian','Gamboa','  ');
INSERT INTO public."Jugadores_Seleccion"(   "Seleccion", "Nombre_Jugador", "Apellido1_Jugador", "Apellido2_Jugador")VALUES ('Costa Rica','Johan','Venegas','  ');
INSERT INTO public."Jugadores_Seleccion"(   "Seleccion", "Nombre_Jugador", "Apellido1_Jugador", "Apellido2_Jugador")VALUES ('Costa Rica','Yelsin','Tejeda','  ');
INSERT INTO public."Jugadores_Seleccion"(   "Seleccion", "Nombre_Jugador", "Apellido1_Jugador", "Apellido2_Jugador")VALUES ('Costa Rica','Giancarlo','Gonzalez','  ');
INSERT INTO public."Jugadores_Seleccion"(   "Seleccion", "Nombre_Jugador", "Apellido1_Jugador", "Apellido2_Jugador")VALUES ('Inglaterra','Jordan','Pickford','  ');
INSERT INTO public."Jugadores_Seleccion"(   "Seleccion", "Nombre_Jugador", "Apellido1_Jugador", "Apellido2_Jugador")VALUES ('Inglaterra','Harry','Kane','  ');
INSERT INTO public."Jugadores_Seleccion"(   "Seleccion", "Nombre_Jugador", "Apellido1_Jugador", "Apellido2_Jugador")VALUES ('Inglaterra','Bukayo','Saka','  ');
INSERT INTO public."Jugadores_Seleccion"(   "Seleccion", "Nombre_Jugador", "Apellido1_Jugador", "Apellido2_Jugador")VALUES ('Inglaterra','Harry','Maguire','  ');
INSERT INTO public."Jugadores_Seleccion"(   "Seleccion", "Nombre_Jugador", "Apellido1_Jugador", "Apellido2_Jugador")VALUES ('Inglaterra','Jack','Grealish','  ');
INSERT INTO public."Jugadores_Seleccion"(   "Seleccion", "Nombre_Jugador", "Apellido1_Jugador", "Apellido2_Jugador")VALUES ('Inglaterra','Phil','Foden','  ');
INSERT INTO public."Jugadores_Seleccion"(   "Seleccion", "Nombre_Jugador", "Apellido1_Jugador", "Apellido2_Jugador")VALUES ('Inglaterra','Mason','Mount','  ');
INSERT INTO public."Jugadores_Seleccion"(   "Seleccion", "Nombre_Jugador", "Apellido1_Jugador", "Apellido2_Jugador")VALUES ('Inglaterra','Trent','Alexander','Arnold');
INSERT INTO public."Jugadores_Seleccion"(   "Seleccion", "Nombre_Jugador", "Apellido1_Jugador", "Apellido2_Jugador")VALUES ('Inglaterra','Jude','Bellingham','  ');
INSERT INTO public."Jugadores_Seleccion"(   "Seleccion", "Nombre_Jugador", "Apellido1_Jugador", "Apellido2_Jugador")VALUES ('Inglaterra','Raheem','Sterling','  ');
INSERT INTO public."Jugadores_Seleccion"(   "Seleccion", "Nombre_Jugador", "Apellido1_Jugador", "Apellido2_Jugador")VALUES ('Inglaterra','Marcus','Rashford','  ');
INSERT INTO public."Jugadores_Seleccion"(   "Seleccion", "Nombre_Jugador", "Apellido1_Jugador", "Apellido2_Jugador")VALUES ('Inglaterra','Reece','Jame','  ');
INSERT INTO public."Jugadores_Seleccion"(   "Seleccion", "Nombre_Jugador", "Apellido1_Jugador", "Apellido2_Jugador")VALUES ('Inglaterra','Nick','Pope','  ');
INSERT INTO public."Jugadores_Seleccion"(   "Seleccion", "Nombre_Jugador", "Apellido1_Jugador", "Apellido2_Jugador")VALUES ('Inglaterra','Jadon','Sancho','  ');
INSERT INTO public."Jugadores_Seleccion"(   "Seleccion", "Nombre_Jugador", "Apellido1_Jugador", "Apellido2_Jugador")VALUES ('Inglaterra','Declan','Rice','  ');
INSERT INTO public."Jugadores_Seleccion"(   "Seleccion", "Nombre_Jugador", "Apellido1_Jugador", "Apellido2_Jugador")VALUES ('Inglaterra','Kyle','Walker','  ');
INSERT INTO public."Jugadores_Seleccion"(   "Seleccion", "Nombre_Jugador", "Apellido1_Jugador", "Apellido2_Jugador")VALUES ('Inglaterra','Fikayo','Tomori','  ');
INSERT INTO public."Jugadores_Seleccion"(   "Seleccion", "Nombre_Jugador", "Apellido1_Jugador", "Apellido2_Jugador")VALUES ('Inglaterra','Luke','Shaw','  ');
INSERT INTO public."Jugadores_Seleccion"(   "Seleccion", "Nombre_Jugador", "Apellido1_Jugador", "Apellido2_Jugador")VALUES ('Inglaterra','John','Stones','  ');
INSERT INTO public."Jugadores_Seleccion"(   "Seleccion", "Nombre_Jugador", "Apellido1_Jugador", "Apellido2_Jugador")VALUES ('Inglaterra','Eric','Dier','  ');
INSERT INTO public."Jugadores_Seleccion"(   "Seleccion", "Nombre_Jugador", "Apellido1_Jugador", "Apellido2_Jugador")VALUES ('España','David','De Gea','  ');
INSERT INTO public."Jugadores_Seleccion"(   "Seleccion", "Nombre_Jugador", "Apellido1_Jugador", "Apellido2_Jugador")VALUES ('España','Sergio','Ramos','  ');
INSERT INTO public."Jugadores_Seleccion"(   "Seleccion", "Nombre_Jugador", "Apellido1_Jugador", "Apellido2_Jugador")VALUES ('España','Sergio','Busquets','  ');
INSERT INTO public."Jugadores_Seleccion"(   "Seleccion", "Nombre_Jugador", "Apellido1_Jugador", "Apellido2_Jugador")VALUES ('España','Adama','Traore','Diarra');
INSERT INTO public."Jugadores_Seleccion"(   "Seleccion", "Nombre_Jugador", "Apellido1_Jugador", "Apellido2_Jugador")VALUES ('España','Ansu','Fati','   ');
INSERT INTO public."Jugadores_Seleccion"(   "Seleccion", "Nombre_Jugador", "Apellido1_Jugador", "Apellido2_Jugador")VALUES ('España','Ferran','Torres','   ');
INSERT INTO public."Jugadores_Seleccion"(   "Seleccion", "Nombre_Jugador", "Apellido1_Jugador", "Apellido2_Jugador")VALUES ('España','Alvaro','Morata','   ');
INSERT INTO public."Jugadores_Seleccion"(   "Seleccion", "Nombre_Jugador", "Apellido1_Jugador", "Apellido2_Jugador")VALUES ('España','Gavi','Paez','   ');
INSERT INTO public."Jugadores_Seleccion"(   "Seleccion", "Nombre_Jugador", "Apellido1_Jugador", "Apellido2_Jugador")VALUES ('España','Pedri','Gonzalez','   ');
INSERT INTO public."Jugadores_Seleccion"(   "Seleccion", "Nombre_Jugador", "Apellido1_Jugador", "Apellido2_Jugador")VALUES ('España','Unai','Simon','   ');
INSERT INTO public."Jugadores_Seleccion"(   "Seleccion", "Nombre_Jugador", "Apellido1_Jugador", "Apellido2_Jugador")VALUES ('España','Thiago','Alcantara','   ');
INSERT INTO public."Jugadores_Seleccion"(   "Seleccion", "Nombre_Jugador", "Apellido1_Jugador", "Apellido2_Jugador")VALUES ('España','Marco','Asencio','   ');
INSERT INTO public."Jugadores_Seleccion"(   "Seleccion", "Nombre_Jugador", "Apellido1_Jugador", "Apellido2_Jugador")VALUES ('España','Marc','Cucurella','   ');
INSERT INTO public."Jugadores_Seleccion"(   "Seleccion", "Nombre_Jugador", "Apellido1_Jugador", "Apellido2_Jugador")VALUES ('España','Pablo','Sarabia','   ');
INSERT INTO public."Jugadores_Seleccion"(   "Seleccion", "Nombre_Jugador", "Apellido1_Jugador", "Apellido2_Jugador")VALUES ('España','Aymeric','Laporte','   ');
INSERT INTO public."Jugadores_Seleccion"(   "Seleccion", "Nombre_Jugador", "Apellido1_Jugador", "Apellido2_Jugador")VALUES ('España','Marcos','Alonso','Mendoza');
INSERT INTO public."Jugadores_Seleccion"(   "Seleccion", "Nombre_Jugador", "Apellido1_Jugador", "Apellido2_Jugador")VALUES ('España','Pau','Torres','  ');
INSERT INTO public."Jugadores_Seleccion"(   "Seleccion", "Nombre_Jugador", "Apellido1_Jugador", "Apellido2_Jugador")VALUES ('España','David','Raya','  ');
INSERT INTO public."Jugadores_Seleccion"(   "Seleccion", "Nombre_Jugador", "Apellido1_Jugador", "Apellido2_Jugador")VALUES ('España','Dani','Olmo','  ');
INSERT INTO public."Jugadores_Seleccion"(   "Seleccion", "Nombre_Jugador", "Apellido1_Jugador", "Apellido2_Jugador")VALUES ('España','Jordi','Alba','  ');
INSERT INTO public."Jugadores_Seleccion"(   "Seleccion", "Nombre_Jugador", "Apellido1_Jugador", "Apellido2_Jugador")VALUES ('Italia','Gianluigi','Donnarumma','  ');
INSERT INTO public."Jugadores_Seleccion"(   "Seleccion", "Nombre_Jugador", "Apellido1_Jugador", "Apellido2_Jugador")VALUES ('Italia','Ciro','Immobile','  ');
INSERT INTO public."Jugadores_Seleccion"(   "Seleccion", "Nombre_Jugador", "Apellido1_Jugador", "Apellido2_Jugador")VALUES ('Italia','Sandro','Tonali','  ');
INSERT INTO public."Jugadores_Seleccion"(   "Seleccion", "Nombre_Jugador", "Apellido1_Jugador", "Apellido2_Jugador")VALUES ('Italia','Federico','Gatti','  ');
INSERT INTO public."Jugadores_Seleccion"(   "Seleccion", "Nombre_Jugador", "Apellido1_Jugador", "Apellido2_Jugador")VALUES ('Italia','Giovanni','Di Lorenzo','  ');
INSERT INTO public."Jugadores_Seleccion"(   "Seleccion", "Nombre_Jugador", "Apellido1_Jugador", "Apellido2_Jugador")VALUES ('Italia','Federico','Dimarco','  ');
INSERT INTO public."Jugadores_Seleccion"(   "Seleccion", "Nombre_Jugador", "Apellido1_Jugador", "Apellido2_Jugador")VALUES ('Italia','Rafael','Toloi','  ');
INSERT INTO public."Jugadores_Seleccion"(   "Seleccion", "Nombre_Jugador", "Apellido1_Jugador", "Apellido2_Jugador")VALUES ('Italia','Luiz','Felipe','  ');
INSERT INTO public."Jugadores_Seleccion"(   "Seleccion", "Nombre_Jugador", "Apellido1_Jugador", "Apellido2_Jugador")VALUES ('Italia','Jorginho','Frello','  ');
INSERT INTO public."Jugadores_Seleccion"(   "Seleccion", "Nombre_Jugador", "Apellido1_Jugador", "Apellido2_Jugador")VALUES ('Italia','Gianluca','Scamacca','  ');
INSERT INTO public."Jugadores_Seleccion"(   "Seleccion", "Nombre_Jugador", "Apellido1_Jugador", "Apellido2_Jugador")VALUES ('Italia','Giacomo','Raspadori','  ');
INSERT INTO public."Jugadores_Seleccion"(   "Seleccion", "Nombre_Jugador", "Apellido1_Jugador", "Apellido2_Jugador")VALUES ('Italia','Wilfried','Gnonto','  ');
INSERT INTO public."Jugadores_Seleccion"(   "Seleccion", "Nombre_Jugador", "Apellido1_Jugador", "Apellido2_Jugador")VALUES ('Italia','Alex','Meret','  ');
INSERT INTO public."Jugadores_Seleccion"(   "Seleccion", "Nombre_Jugador", "Apellido1_Jugador", "Apellido2_Jugador")VALUES ('Italia','Francesco','Acercbi','  ');
INSERT INTO public."Jugadores_Seleccion"(   "Seleccion", "Nombre_Jugador", "Apellido1_Jugador", "Apellido2_Jugador")VALUES ('Italia','Bryan','Cristante','  ');
INSERT INTO public."Jugadores_Seleccion"(   "Seleccion", "Nombre_Jugador", "Apellido1_Jugador", "Apellido2_Jugador")VALUES ('Italia','Nicolo','Barella','  ');
INSERT INTO public."Jugadores_Seleccion"(   "Seleccion", "Nombre_Jugador", "Apellido1_Jugador", "Apellido2_Jugador")VALUES ('Italia','Leonardo','Bonucci','  ');
INSERT INTO public."Jugadores_Seleccion"(   "Seleccion", "Nombre_Jugador", "Apellido1_Jugador", "Apellido2_Jugador")VALUES ('Italia','Alessandro','Bastoni','  ');
INSERT INTO public."Jugadores_Seleccion"(   "Seleccion", "Nombre_Jugador", "Apellido1_Jugador", "Apellido2_Jugador")VALUES ('Italia','Ivan','Provedel','  ');
INSERT INTO public."Jugadores_Seleccion"(   "Seleccion", "Nombre_Jugador", "Apellido1_Jugador", "Apellido2_Jugador")VALUES ('Italia','Alessio','Zerbin','  ');
INSERT INTO public."Jugadores_Seleccion"(   "Seleccion", "Nombre_Jugador", "Apellido1_Jugador", "Apellido2_Jugador")VALUES ('Brazil','Alisson','Becker','  ');
INSERT INTO public."Jugadores_Seleccion"(   "Seleccion", "Nombre_Jugador", "Apellido1_Jugador", "Apellido2_Jugador")VALUES ('Brazil','Neymar','Jr','  ');
INSERT INTO public."Jugadores_Seleccion"(   "Seleccion", "Nombre_Jugador", "Apellido1_Jugador", "Apellido2_Jugador")VALUES ('Brazil','Richarlison','De','Andrade');
INSERT INTO public."Jugadores_Seleccion"(   "Seleccion", "Nombre_Jugador", "Apellido1_Jugador", "Apellido2_Jugador")VALUES ('Brazil','Raphinha','Dias','  ');
INSERT INTO public."Jugadores_Seleccion"(   "Seleccion", "Nombre_Jugador", "Apellido1_Jugador", "Apellido2_Jugador")VALUES ('Brazil','Vinicius','Junior','  ');
INSERT INTO public."Jugadores_Seleccion"(   "Seleccion", "Nombre_Jugador", "Apellido1_Jugador", "Apellido2_Jugador")VALUES ('Brazil','Antony','Dos Santos','  ');
INSERT INTO public."Jugadores_Seleccion"(   "Seleccion", "Nombre_Jugador", "Apellido1_Jugador", "Apellido2_Jugador")VALUES ('Brazil','Gabriel','Jesus','  ');
INSERT INTO public."Jugadores_Seleccion"(   "Seleccion", "Nombre_Jugador", "Apellido1_Jugador", "Apellido2_Jugador")VALUES ('Brazil','Lucas','Paqueta','  ');
INSERT INTO public."Jugadores_Seleccion"(   "Seleccion", "Nombre_Jugador", "Apellido1_Jugador", "Apellido2_Jugador")VALUES ('Brazil','Thiago','Silva','  ');
INSERT INTO public."Jugadores_Seleccion"(   "Seleccion", "Nombre_Jugador", "Apellido1_Jugador", "Apellido2_Jugador")VALUES ('Brazil','Carlos','Casemiro','  ');
INSERT INTO public."Jugadores_Seleccion"(   "Seleccion", "Nombre_Jugador", "Apellido1_Jugador", "Apellido2_Jugador")VALUES ('Brazil','Dani','Alves','  ');
INSERT INTO public."Jugadores_Seleccion"(   "Seleccion", "Nombre_Jugador", "Apellido1_Jugador", "Apellido2_Jugador")VALUES ('Brazil','Rodrygo','De Goes','  ');
INSERT INTO public."Jugadores_Seleccion"(   "Seleccion", "Nombre_Jugador", "Apellido1_Jugador", "Apellido2_Jugador")VALUES ('Brazil','Alex','Telles','  ');
INSERT INTO public."Jugadores_Seleccion"(   "Seleccion", "Nombre_Jugador", "Apellido1_Jugador", "Apellido2_Jugador")VALUES ('Brazil','Gabriel','Barbosa','  ');
INSERT INTO public."Jugadores_Seleccion"(   "Seleccion", "Nombre_Jugador", "Apellido1_Jugador", "Apellido2_Jugador")VALUES ('Brazil','Roberto','Firmino','  ');
INSERT INTO public."Jugadores_Seleccion"(   "Seleccion", "Nombre_Jugador", "Apellido1_Jugador", "Apellido2_Jugador")VALUES ('Brazil','Ederson','Moraes','  ');
INSERT INTO public."Jugadores_Seleccion"(   "Seleccion", "Nombre_Jugador", "Apellido1_Jugador", "Apellido2_Jugador")VALUES ('Brazil','Matheus','Cunha','  ');
INSERT INTO public."Jugadores_Seleccion"(   "Seleccion", "Nombre_Jugador", "Apellido1_Jugador", "Apellido2_Jugador")VALUES ('Brazil','Eder','Militao','  ');
INSERT INTO public."Jugadores_Seleccion"(   "Seleccion", "Nombre_Jugador", "Apellido1_Jugador", "Apellido2_Jugador")VALUES ('Brazil','Danilo','Da Silva','  ');
INSERT INTO public."Jugadores_Seleccion"(   "Seleccion", "Nombre_Jugador", "Apellido1_Jugador", "Apellido2_Jugador")VALUES ('Brazil','Renan','Lodi','  ');
INSERT INTO public."Jugadores_Seleccion"(   "Seleccion", "Nombre_Jugador", "Apellido1_Jugador", "Apellido2_Jugador")VALUES ('Colombia','David','Ospina','  ');
INSERT INTO public."Jugadores_Seleccion"(   "Seleccion", "Nombre_Jugador", "Apellido1_Jugador", "Apellido2_Jugador")VALUES ('Colombia','James','Rodriguez','  ');
INSERT INTO public."Jugadores_Seleccion"(   "Seleccion", "Nombre_Jugador", "Apellido1_Jugador", "Apellido2_Jugador")VALUES ('Colombia','Luiz','Diaz','  ');
INSERT INTO public."Jugadores_Seleccion"(   "Seleccion", "Nombre_Jugador", "Apellido1_Jugador", "Apellido2_Jugador")VALUES ('Colombia','Radamel','Falcao','Garcia');
INSERT INTO public."Jugadores_Seleccion"(   "Seleccion", "Nombre_Jugador", "Apellido1_Jugador", "Apellido2_Jugador")VALUES ('Colombia','Andres','Linas','  ');
INSERT INTO public."Jugadores_Seleccion"(   "Seleccion", "Nombre_Jugador", "Apellido1_Jugador", "Apellido2_Jugador")VALUES ('Colombia','Yaser','Asprilla','  ');
INSERT INTO public."Jugadores_Seleccion"(   "Seleccion", "Nombre_Jugador", "Apellido1_Jugador", "Apellido2_Jugador")VALUES ('Colombia','Jorde','Carrascal','  ');
INSERT INTO public."Jugadores_Seleccion"(   "Seleccion", "Nombre_Jugador", "Apellido1_Jugador", "Apellido2_Jugador")VALUES ('Colombia','Juan','Cuadrado','  ');
INSERT INTO public."Jugadores_Seleccion"(   "Seleccion", "Nombre_Jugador", "Apellido1_Jugador", "Apellido2_Jugador")VALUES ('Colombia','Yerry','Mina','  ');
INSERT INTO public."Jugadores_Seleccion"(   "Seleccion", "Nombre_Jugador", "Apellido1_Jugador", "Apellido2_Jugador")VALUES ('Colombia','Wilmar','Barrios','  ');
INSERT INTO public."Jugadores_Seleccion"(   "Seleccion", "Nombre_Jugador", "Apellido1_Jugador", "Apellido2_Jugador")VALUES ('Colombia','Santiago','Arias','  ');
INSERT INTO public."Jugadores_Seleccion"(   "Seleccion", "Nombre_Jugador", "Apellido1_Jugador", "Apellido2_Jugador")VALUES ('Colombia','John','Duran','  ');
INSERT INTO public."Jugadores_Seleccion"(   "Seleccion", "Nombre_Jugador", "Apellido1_Jugador", "Apellido2_Jugador")VALUES ('Colombia','Roger','Martinez','  ');
INSERT INTO public."Jugadores_Seleccion"(   "Seleccion", "Nombre_Jugador", "Apellido1_Jugador", "Apellido2_Jugador")VALUES ('Colombia','John','Arias','  ');
INSERT INTO public."Jugadores_Seleccion"(   "Seleccion", "Nombre_Jugador", "Apellido1_Jugador", "Apellido2_Jugador")VALUES ('Colombia','Davinson','Sanchez','  ');
INSERT INTO public."Jugadores_Seleccion"(   "Seleccion", "Nombre_Jugador", "Apellido1_Jugador", "Apellido2_Jugador")VALUES ('Colombia','Camilo','Vargas','  ');
INSERT INTO public."Jugadores_Seleccion"(   "Seleccion", "Nombre_Jugador", "Apellido1_Jugador", "Apellido2_Jugador")VALUES ('Colombia','Luis','Muriel','  ');
INSERT INTO public."Jugadores_Seleccion"(   "Seleccion", "Nombre_Jugador", "Apellido1_Jugador", "Apellido2_Jugador")VALUES ('Colombia','Javier','Suarez','  ');
INSERT INTO public."Jugadores_Seleccion"(   "Seleccion", "Nombre_Jugador", "Apellido1_Jugador", "Apellido2_Jugador")VALUES ('Colombia','Duvan','Zapata','  ');
INSERT INTO public."Jugadores_Seleccion"(   "Seleccion", "Nombre_Jugador", "Apellido1_Jugador", "Apellido2_Jugador")VALUES ('Colombia','Stefan','Medina','  ');

-----------------------------------------------

INSERT INTO public."Jugadores_Club"(  "Club", "Nombre_Jugador", "Apellido1_Jugador", "Apellido2_Jugador")VALUES ( 'Saprissa','Kevin','Chamorro','  ');
INSERT INTO public."Jugadores_Club"(  "Club", "Nombre_Jugador", "Apellido1_Jugador", "Apellido2_Jugador")VALUES ('Saprissa','Aron','Cruz','  ');
INSERT INTO public."Jugadores_Club"(  "Club", "Nombre_Jugador", "Apellido1_Jugador", "Apellido2_Jugador")VALUES ('Saprissa','Ricardo','Blanco','  ');
INSERT INTO public."Jugadores_Club"(  "Club", "Nombre_Jugador", "Apellido1_Jugador", "Apellido2_Jugador")VALUES ('Saprissa','Ryan','Bolaños','  ');
INSERT INTO public."Jugadores_Club"(  "Club", "Nombre_Jugador", "Apellido1_Jugador", "Apellido2_Jugador")VALUES ('Saprissa','Kendall','Waston','  ');
INSERT INTO public."Jugadores_Club"(  "Club", "Nombre_Jugador", "Apellido1_Jugador", "Apellido2_Jugador")VALUES ('Saprissa','Sergio','Cespedes','  ');
INSERT INTO public."Jugadores_Club"(  "Club", "Nombre_Jugador", "Apellido1_Jugador", "Apellido2_Jugador")VALUES ('Saprissa','Walter','Cortes','  ');
INSERT INTO public."Jugadores_Club"(  "Club", "Nombre_Jugador", "Apellido1_Jugador", "Apellido2_Jugador")VALUES ('Saprissa','Aubrey','David','  ');
INSERT INTO public."Jugadores_Club"(  "Club", "Nombre_Jugador", "Apellido1_Jugador", "Apellido2_Jugador")VALUES ('Saprissa','Kevin','Espinoza','  ');
INSERT INTO public."Jugadores_Club"(  "Club", "Nombre_Jugador", "Apellido1_Jugador", "Apellido2_Jugador")VALUES ('Saprissa','Jordy','Evans','  ');
INSERT INTO public."Jugadores_Club"(  "Club", "Nombre_Jugador", "Apellido1_Jugador", "Apellido2_Jugador")VALUES ('Saprissa','Marvin','Angulo','  ');
INSERT INTO public."Jugadores_Club"(  "Club", "Nombre_Jugador", "Apellido1_Jugador", "Apellido2_Jugador")VALUES ('Saprissa','David','Guzman','  ');
INSERT INTO public."Jugadores_Club"(  "Club", "Nombre_Jugador", "Apellido1_Jugador", "Apellido2_Jugador")VALUES ('Saprissa','Jaylon','Hadden','  ');
INSERT INTO public."Jugadores_Club"(  "Club", "Nombre_Jugador", "Apellido1_Jugador", "Apellido2_Jugador")VALUES ('Saprissa','Jimmy','Marin','  ');
INSERT INTO public."Jugadores_Club"(  "Club", "Nombre_Jugador", "Apellido1_Jugador", "Apellido2_Jugador")VALUES ('Saprissa','Victor','Medina','  ');
INSERT INTO public."Jugadores_Club"(  "Club", "Nombre_Jugador", "Apellido1_Jugador", "Apellido2_Jugador")VALUES ('Saprissa','Ulises','Segura','  ');
INSERT INTO public."Jugadores_Club"(  "Club", "Nombre_Jugador", "Apellido1_Jugador", "Apellido2_Jugador")VALUES ('Saprissa','Mariano','Torres','  ');
INSERT INTO public."Jugadores_Club"(  "Club", "Nombre_Jugador", "Apellido1_Jugador", "Apellido2_Jugador")VALUES ('Saprissa','Alvaro','Zamora','  ');
INSERT INTO public."Jugadores_Club"(  "Club", "Nombre_Jugador", "Apellido1_Jugador", "Apellido2_Jugador")VALUES ('Saprissa','Christian','Bolaños','  ');
INSERT INTO public."Jugadores_Club"(  "Club", "Nombre_Jugador", "Apellido1_Jugador", "Apellido2_Jugador")VALUES ('Saprissa','Ariel','Rodriguez','  ');
INSERT INTO public."Jugadores_Club"(  "Club", "Nombre_Jugador", "Apellido1_Jugador", "Apellido2_Jugador")VALUES ('Heredia','Esteban','Alvarado','  ');
INSERT INTO public."Jugadores_Club"(  "Club", "Nombre_Jugador", "Apellido1_Jugador", "Apellido2_Jugador")VALUES ('Heredia','Brayan','Segura','  ');
INSERT INTO public."Jugadores_Club"(  "Club", "Nombre_Jugador", "Apellido1_Jugador", "Apellido2_Jugador")VALUES ('Heredia','Orlando','Galo','  ');
INSERT INTO public."Jugadores_Club"(  "Club", "Nombre_Jugador", "Apellido1_Jugador", "Apellido2_Jugador")VALUES ('Heredia','Jafet','Rodriguez','  ');
INSERT INTO public."Jugadores_Club"(  "Club", "Nombre_Jugador", "Apellido1_Jugador", "Apellido2_Jugador")VALUES ('Heredia','Ariel','Soto','Gonzalez');
INSERT INTO public."Jugadores_Club"(  "Club", "Nombre_Jugador", "Apellido1_Jugador", "Apellido2_Jugador")VALUES ('Heredia','Douglas','Lopez','  ');
INSERT INTO public."Jugadores_Club"(  "Club", "Nombre_Jugador", "Apellido1_Jugador", "Apellido2_Jugador")VALUES ('Heredia','Keysher','Fuller','  ');
INSERT INTO public."Jugadores_Club"(  "Club", "Nombre_Jugador", "Apellido1_Jugador", "Apellido2_Jugador")VALUES ('Heredia','Waylon','Francis','  ');
INSERT INTO public."Jugadores_Club"(  "Club", "Nombre_Jugador", "Apellido1_Jugador", "Apellido2_Jugador")VALUES ('Heredia','Aaron','Salazar','  ');
INSERT INTO public."Jugadores_Club"(  "Club", "Nombre_Jugador", "Apellido1_Jugador", "Apellido2_Jugador")VALUES ('Heredia','Geovanni','Campos','  ');
INSERT INTO public."Jugadores_Club"(  "Club", "Nombre_Jugador", "Apellido1_Jugador", "Apellido2_Jugador")VALUES ('Heredia','Gerson','Torres','  ');
INSERT INTO public."Jugadores_Club"(  "Club", "Nombre_Jugador", "Apellido1_Jugador", "Apellido2_Jugador")VALUES ('Heredia','Diego','Gonzalez','  ');
INSERT INTO public."Jugadores_Club"(  "Club", "Nombre_Jugador", "Apellido1_Jugador", "Apellido2_Jugador")VALUES ('Heredia','Yelsin','Tejeda','  ');
INSERT INTO public."Jugadores_Club"(  "Club", "Nombre_Jugador", "Apellido1_Jugador", "Apellido2_Jugador")VALUES ('Heredia','Jefferson','Brenes','  ');
INSERT INTO public."Jugadores_Club"(  "Club", "Nombre_Jugador", "Apellido1_Jugador", "Apellido2_Jugador")VALUES ('Heredia','Yendrick','Ruiz','  ');
INSERT INTO public."Jugadores_Club"(  "Club", "Nombre_Jugador", "Apellido1_Jugador", "Apellido2_Jugador")VALUES ('Heredia','Kenneth','Vargas','  ');
INSERT INTO public."Jugadores_Club"(  "Club", "Nombre_Jugador", "Apellido1_Jugador", "Apellido2_Jugador")VALUES ('Heredia','Brayan','Rojas','  ');
INSERT INTO public."Jugadores_Club"(  "Club", "Nombre_Jugador", "Apellido1_Jugador", "Apellido2_Jugador")VALUES ('Heredia','Marcos','Escoe','  ');
INSERT INTO public."Jugadores_Club"(  "Club", "Nombre_Jugador", "Apellido1_Jugador", "Apellido2_Jugador")VALUES ('Heredia','Anthony','Ruiz','  ');
INSERT INTO public."Jugadores_Club"(  "Club", "Nombre_Jugador", "Apellido1_Jugador", "Apellido2_Jugador")VALUES ('Heredia','Kennedy','Rocha','  ');
INSERT INTO public."Jugadores_Club"(  "Club", "Nombre_Jugador", "Apellido1_Jugador", "Apellido2_Jugador")VALUES ('Cartago','Darryl','Parker','  ');
INSERT INTO public."Jugadores_Club"(  "Club", "Nombre_Jugador", "Apellido1_Jugador", "Apellido2_Jugador")VALUES ('Cartago','William','Quiros','  ');
INSERT INTO public."Jugadores_Club"(  "Club", "Nombre_Jugador", "Apellido1_Jugador", "Apellido2_Jugador")VALUES ('Cartago','Jose','Vargas','  ');
INSERT INTO public."Jugadores_Club"(  "Club", "Nombre_Jugador", "Apellido1_Jugador", "Apellido2_Jugador")VALUES ('Cartago','Jeikel','Venegas','  ');
INSERT INTO public."Jugadores_Club"(  "Club", "Nombre_Jugador", "Apellido1_Jugador", "Apellido2_Jugador")VALUES ('Cartago','Allen','Guevara','  ');
INSERT INTO public."Jugadores_Club"(  "Club", "Nombre_Jugador", "Apellido1_Jugador", "Apellido2_Jugador")VALUES ('Cartago','Mauricio','Montero','  ');
INSERT INTO public."Jugadores_Club"(  "Club", "Nombre_Jugador", "Apellido1_Jugador", "Apellido2_Jugador")VALUES ('Cartago','Marcel','Hernandez','  ');
INSERT INTO public."Jugadores_Club"(  "Club", "Nombre_Jugador", "Apellido1_Jugador", "Apellido2_Jugador")VALUES ('Cartago','Ronaldo','Araya','  ');
INSERT INTO public."Jugadores_Club"(  "Club", "Nombre_Jugador", "Apellido1_Jugador", "Apellido2_Jugador")VALUES ('Cartago','Kenneth','Cerdas','  ');
INSERT INTO public."Jugadores_Club"(  "Club", "Nombre_Jugador", "Apellido1_Jugador", "Apellido2_Jugador")VALUES ('Cartago','Marcos','Cubillo','  ');
INSERT INTO public."Jugadores_Club"(  "Club", "Nombre_Jugador", "Apellido1_Jugador", "Apellido2_Jugador")VALUES ('Cartago','Byron','Bonilla','  ');
INSERT INTO public."Jugadores_Club"(  "Club", "Nombre_Jugador", "Apellido1_Jugador", "Apellido2_Jugador")VALUES ('Cartago','Daniel','Chacon','  ');
INSERT INTO public."Jugadores_Club"(  "Club", "Nombre_Jugador", "Apellido1_Jugador", "Apellido2_Jugador")VALUES ('Cartago','Carlos','Barahona','  ');
INSERT INTO public."Jugadores_Club"(  "Club", "Nombre_Jugador", "Apellido1_Jugador", "Apellido2_Jugador")VALUES ('Cartago','Marcos','Ureña','  ');
INSERT INTO public."Jugadores_Club"(  "Club", "Nombre_Jugador", "Apellido1_Jugador", "Apellido2_Jugador")VALUES ('Cartago','Brandon','Bonilla','  ');
INSERT INTO public."Jugadores_Club"(  "Club", "Nombre_Jugador", "Apellido1_Jugador", "Apellido2_Jugador")VALUES ('Cartago','Michael','Barrantes','  ');
INSERT INTO public."Jugadores_Club"(  "Club", "Nombre_Jugador", "Apellido1_Jugador", "Apellido2_Jugador")VALUES ('Cartago','Kevin','Briceño','  ');
INSERT INTO public."Jugadores_Club"(  "Club", "Nombre_Jugador", "Apellido1_Jugador", "Apellido2_Jugador")VALUES ('Cartago','Dylan','Flores','  ');
INSERT INTO public."Jugadores_Club"(  "Club", "Nombre_Jugador", "Apellido1_Jugador", "Apellido2_Jugador")VALUES ('Cartago','Isaac','Paris','  ');
INSERT INTO public."Jugadores_Club"(  "Club", "Nombre_Jugador", "Apellido1_Jugador", "Apellido2_Jugador")VALUES ('Cartago','Victor','Murillo','  ');
INSERT INTO public."Jugadores_Club"(  "Club", "Nombre_Jugador", "Apellido1_Jugador", "Apellido2_Jugador")VALUES ('Alajuela','Erick','Cabalceta','  ');
INSERT INTO public."Jugadores_Club"(  "Club", "Nombre_Jugador", "Apellido1_Jugador", "Apellido2_Jugador")VALUES ('Alajuela','Ian','Smith','  ');
INSERT INTO public."Jugadores_Club"(  "Club", "Nombre_Jugador", "Apellido1_Jugador", "Apellido2_Jugador")VALUES ('Alajuela','Celso','Borges','  ');
INSERT INTO public."Jugadores_Club"(  "Club", "Nombre_Jugador", "Apellido1_Jugador", "Apellido2_Jugador")VALUES ('Alajuela','Johan','Venegas','  ');
INSERT INTO public."Jugadores_Club"(  "Club", "Nombre_Jugador", "Apellido1_Jugador", "Apellido2_Jugador")VALUES ('Alajuela','Brayan','Ruiz','  ');
INSERT INTO public."Jugadores_Club"(  "Club", "Nombre_Jugador", "Apellido1_Jugador", "Apellido2_Jugador")VALUES ('Alajuela','Alexander','Lopez','  ');
INSERT INTO public."Jugadores_Club"(  "Club", "Nombre_Jugador", "Apellido1_Jugador", "Apellido2_Jugador")VALUES ('Alajuela','Alexis','Gamboa','  ');
INSERT INTO public."Jugadores_Club"(  "Club", "Nombre_Jugador", "Apellido1_Jugador", "Apellido2_Jugador")VALUES ('Alajuela','Yael','Lopez','  ');
INSERT INTO public."Jugadores_Club"(  "Club", "Nombre_Jugador", "Apellido1_Jugador", "Apellido2_Jugador")VALUES ('Alajuela','Carlos','Mora','  ');
INSERT INTO public."Jugadores_Club"(  "Club", "Nombre_Jugador", "Apellido1_Jugador", "Apellido2_Jugador")VALUES ('Alajuela','Giancarlo','Gonzalez','  ');
INSERT INTO public."Jugadores_Club"(  "Club", "Nombre_Jugador", "Apellido1_Jugador", "Apellido2_Jugador")VALUES ('Alajuela','Leonel','Moreira','  ');
INSERT INTO public."Jugadores_Club"(  "Club", "Nombre_Jugador", "Apellido1_Jugador", "Apellido2_Jugador")VALUES ('Alajuela','Bernald','Alfaro','  ');
INSERT INTO public."Jugadores_Club"(  "Club", "Nombre_Jugador", "Apellido1_Jugador", "Apellido2_Jugador")VALUES ('Alajuela','Ian','Lawrence','  ');
INSERT INTO public."Jugadores_Club"(  "Club", "Nombre_Jugador", "Apellido1_Jugador", "Apellido2_Jugador")VALUES ('Alajuela','Jose Miguel','Cubero','  ');
INSERT INTO public."Jugadores_Club"(  "Club", "Nombre_Jugador", "Apellido1_Jugador", "Apellido2_Jugador")VALUES ('Alajuela','Miguel','Aju','  ');
INSERT INTO public."Jugadores_Club"(  "Club", "Nombre_Jugador", "Apellido1_Jugador", "Apellido2_Jugador")VALUES ('Alajuela','Freddy','Gondola','  ');
INSERT INTO public."Jugadores_Club"(  "Club", "Nombre_Jugador", "Apellido1_Jugador", "Apellido2_Jugador")VALUES ('Alajuela','Bayron','Mora','  ');
INSERT INTO public."Jugadores_Club"(  "Club", "Nombre_Jugador", "Apellido1_Jugador", "Apellido2_Jugador")VALUES ('Alajuela','Bryan','Felix','  ');
INSERT INTO public."Jugadores_Club"(  "Club", "Nombre_Jugador", "Apellido1_Jugador", "Apellido2_Jugador")VALUES ('Alajuela','Aaron','Suarez','  ');
INSERT INTO public."Jugadores_Club"(  "Club", "Nombre_Jugador", "Apellido1_Jugador", "Apellido2_Jugador")VALUES ('Alajuela','Doryan','Rodriguez','  ');

---------------------------------------------------------------------------------------
INSERT INTO public."Paises_Fifa"("Nombre") VALUES ('Afganistán');
INSERT INTO public."Paises_Fifa"("Nombre") VALUES ('Albania');
INSERT INTO public."Paises_Fifa"("Nombre") VALUES ('Alemania');
INSERT INTO public."Paises_Fifa"("Nombre") VALUES ('Andorra');
INSERT INTO public."Paises_Fifa"("Nombre") VALUES ('Angola');
INSERT INTO public."Paises_Fifa"("Nombre") VALUES ('Anguila');
INSERT INTO public."Paises_Fifa"("Nombre") VALUES ('Antigua y Barbuda');
INSERT INTO public."Paises_Fifa"("Nombre") VALUES ('Arabia Saudita');
INSERT INTO public."Paises_Fifa"("Nombre") VALUES ('Argelia');
INSERT INTO public."Paises_Fifa"("Nombre") VALUES ('Argentina');
INSERT INTO public."Paises_Fifa"("Nombre") VALUES ('Armenia');
INSERT INTO public."Paises_Fifa"("Nombre") VALUES ('Aruba');
INSERT INTO public."Paises_Fifa"("Nombre") VALUES ('Australia');
INSERT INTO public."Paises_Fifa"("Nombre") VALUES ('Austria');
INSERT INTO public."Paises_Fifa"("Nombre") VALUES ('Azerbaiyán');
INSERT INTO public."Paises_Fifa"("Nombre") VALUES ('Bahamas');
INSERT INTO public."Paises_Fifa"("Nombre") VALUES ('Bangladés');
INSERT INTO public."Paises_Fifa"("Nombre") VALUES ('Barbados');
INSERT INTO public."Paises_Fifa"("Nombre") VALUES ('Baréin');
INSERT INTO public."Paises_Fifa"("Nombre") VALUES ('Bélgica');
INSERT INTO public."Paises_Fifa"("Nombre") VALUES ('Belice');
INSERT INTO public."Paises_Fifa"("Nombre") VALUES ('Benín');
INSERT INTO public."Paises_Fifa"("Nombre") VALUES ('Bermudas');
INSERT INTO public."Paises_Fifa"("Nombre") VALUES ('Bielorrusia');
INSERT INTO public."Paises_Fifa"("Nombre") VALUES ('Birmania');
INSERT INTO public."Paises_Fifa"("Nombre") VALUES ('Bolivia');
INSERT INTO public."Paises_Fifa"("Nombre") VALUES ('Bonaire');
INSERT INTO public."Paises_Fifa"("Nombre") VALUES ('Bosnia y Herzegovina');
INSERT INTO public."Paises_Fifa"("Nombre") VALUES ('Botsuana');
INSERT INTO public."Paises_Fifa"("Nombre") VALUES ('Brasil');
INSERT INTO public."Paises_Fifa"("Nombre") VALUES ('Brunéi');
INSERT INTO public."Paises_Fifa"("Nombre") VALUES ('Bulgaria');
INSERT INTO public."Paises_Fifa"("Nombre") VALUES ('Burkina Faso');
INSERT INTO public."Paises_Fifa"("Nombre") VALUES ('Burundi');
INSERT INTO public."Paises_Fifa"("Nombre") VALUES ('Bután');
INSERT INTO public."Paises_Fifa"("Nombre") VALUES ('Cabo Verde');
INSERT INTO public."Paises_Fifa"("Nombre") VALUES ('Camboya');
INSERT INTO public."Paises_Fifa"("Nombre") VALUES ('Camerún');
INSERT INTO public."Paises_Fifa"("Nombre") VALUES ('Canadá');
INSERT INTO public."Paises_Fifa"("Nombre") VALUES ('Catar');
INSERT INTO public."Paises_Fifa"("Nombre") VALUES ('Chad');
INSERT INTO public."Paises_Fifa"("Nombre") VALUES ('Chile');
INSERT INTO public."Paises_Fifa"("Nombre") VALUES ('China Taipéi');
INSERT INTO public."Paises_Fifa"("Nombre") VALUES ('China');
INSERT INTO public."Paises_Fifa"("Nombre") VALUES ('Chipre');
INSERT INTO public."Paises_Fifa"("Nombre") VALUES ('Colombia');
INSERT INTO public."Paises_Fifa"("Nombre") VALUES ('Comoras');
INSERT INTO public."Paises_Fifa"("Nombre") VALUES ('Congo');
INSERT INTO public."Paises_Fifa"("Nombre") VALUES ('Corea del Norte ');
INSERT INTO public."Paises_Fifa"("Nombre") VALUES ('Corea del Sur ');
INSERT INTO public."Paises_Fifa"("Nombre") VALUES ('Costa de Marfil');
INSERT INTO public."Paises_Fifa"("Nombre") VALUES ('Costa Rica');
INSERT INTO public."Paises_Fifa"("Nombre") VALUES ('Croacia');
INSERT INTO public."Paises_Fifa"("Nombre") VALUES ('Cuba');
INSERT INTO public."Paises_Fifa"("Nombre") VALUES ('Curazao');
INSERT INTO public."Paises_Fifa"("Nombre") VALUES ('Dinamarca');
INSERT INTO public."Paises_Fifa"("Nombre") VALUES ('Dominica');
INSERT INTO public."Paises_Fifa"("Nombre") VALUES ('Ecuador');
INSERT INTO public."Paises_Fifa"("Nombre") VALUES ('Egipto');
INSERT INTO public."Paises_Fifa"("Nombre") VALUES ('El Salvador');
INSERT INTO public."Paises_Fifa"("Nombre") VALUES ('Emiratos Árabes Unidos');
INSERT INTO public."Paises_Fifa"("Nombre") VALUES ('Eritrea');
INSERT INTO public."Paises_Fifa"("Nombre") VALUES ('Escocia');
INSERT INTO public."Paises_Fifa"("Nombre") VALUES ('Eslovaquia');
INSERT INTO public."Paises_Fifa"("Nombre") VALUES ('Eslovenia');
INSERT INTO public."Paises_Fifa"("Nombre") VALUES ('España');
INSERT INTO public."Paises_Fifa"("Nombre") VALUES ('Estados Unidos');
INSERT INTO public."Paises_Fifa"("Nombre") VALUES ('Estonia');
INSERT INTO public."Paises_Fifa"("Nombre") VALUES ('Eswatini');
INSERT INTO public."Paises_Fifa"("Nombre") VALUES ('Etiopía');
INSERT INTO public."Paises_Fifa"("Nombre") VALUES ('Filipinas');
INSERT INTO public."Paises_Fifa"("Nombre") VALUES ('Finlandia');
INSERT INTO public."Paises_Fifa"("Nombre") VALUES ('Fiyi');
INSERT INTO public."Paises_Fifa"("Nombre") VALUES ('Francia');
INSERT INTO public."Paises_Fifa"("Nombre") VALUES ('Gabón');
INSERT INTO public."Paises_Fifa"("Nombre") VALUES ('Gales');
INSERT INTO public."Paises_Fifa"("Nombre") VALUES ('Gambia');
INSERT INTO public."Paises_Fifa"("Nombre") VALUES ('Georgia');
INSERT INTO public."Paises_Fifa"("Nombre") VALUES ('Ghana');
INSERT INTO public."Paises_Fifa"("Nombre") VALUES ('Gibraltar');
INSERT INTO public."Paises_Fifa"("Nombre") VALUES ('Granada');
INSERT INTO public."Paises_Fifa"("Nombre") VALUES ('Grecia');
INSERT INTO public."Paises_Fifa"("Nombre") VALUES ('Guadalupe');
INSERT INTO public."Paises_Fifa"("Nombre") VALUES ('Guam');
INSERT INTO public."Paises_Fifa"("Nombre") VALUES ('Guatemala');
INSERT INTO public."Paises_Fifa"("Nombre") VALUES ('Guayana Francesa');
INSERT INTO public."Paises_Fifa"("Nombre") VALUES ('Guinea');
INSERT INTO public."Paises_Fifa"("Nombre") VALUES ('Guinea Ecuatorial');
INSERT INTO public."Paises_Fifa"("Nombre") VALUES ('Guinea-Bisáu');
INSERT INTO public."Paises_Fifa"("Nombre") VALUES ('Guyana');
INSERT INTO public."Paises_Fifa"("Nombre") VALUES ('Haití');
INSERT INTO public."Paises_Fifa"("Nombre") VALUES ('Honduras');
INSERT INTO public."Paises_Fifa"("Nombre") VALUES ('Hong Kong');
INSERT INTO public."Paises_Fifa"("Nombre") VALUES ('Hungría');
INSERT INTO public."Paises_Fifa"("Nombre") VALUES ('India');
INSERT INTO public."Paises_Fifa"("Nombre") VALUES ('Indonesia');
INSERT INTO public."Paises_Fifa"("Nombre") VALUES ('Inglaterra');
INSERT INTO public."Paises_Fifa"("Nombre") VALUES ('Irak');
INSERT INTO public."Paises_Fifa"("Nombre") VALUES ('Irán');
INSERT INTO public."Paises_Fifa"("Nombre") VALUES ('Irlanda del Norte');
INSERT INTO public."Paises_Fifa"("Nombre") VALUES ('Irlandac');
INSERT INTO public."Paises_Fifa"("Nombre") VALUES ('Islandia');
INSERT INTO public."Paises_Fifa"("Nombre") VALUES ('Islas Caimán');
INSERT INTO public."Paises_Fifa"("Nombre") VALUES ('Islas Cook');
INSERT INTO public."Paises_Fifa"("Nombre") VALUES ('Islas Feroe');
INSERT INTO public."Paises_Fifa"("Nombre") VALUES ('Islas Marianas del Norte');
INSERT INTO public."Paises_Fifa"("Nombre") VALUES ('Islas Salomón');
INSERT INTO public."Paises_Fifa"("Nombre") VALUES ('Islas Turcas y Caicos');
INSERT INTO public."Paises_Fifa"("Nombre") VALUES ('Islas Vírgenes Británicas');
INSERT INTO public."Paises_Fifa"("Nombre") VALUES ('Islas Vírgenes de los Estados Unidos');
INSERT INTO public."Paises_Fifa"("Nombre") VALUES ('Israela');
INSERT INTO public."Paises_Fifa"("Nombre") VALUES ('Italia');
INSERT INTO public."Paises_Fifa"("Nombre") VALUES ('Jamaica');
INSERT INTO public."Paises_Fifa"("Nombre") VALUES ('Japón');
INSERT INTO public."Paises_Fifa"("Nombre") VALUES ('Jordania');
INSERT INTO public."Paises_Fifa"("Nombre") VALUES ('Kazajistán');
INSERT INTO public."Paises_Fifa"("Nombre") VALUES ('Kenia');
INSERT INTO public."Paises_Fifa"("Nombre") VALUES ('Kirguistán');
INSERT INTO public."Paises_Fifa"("Nombre") VALUES ('Kiribati');
INSERT INTO public."Paises_Fifa"("Nombre") VALUES ('Kosovo');
INSERT INTO public."Paises_Fifa"("Nombre") VALUES ('Kuwait');
INSERT INTO public."Paises_Fifa"("Nombre") VALUES ('Laos');
INSERT INTO public."Paises_Fifa"("Nombre") VALUES ('Lesoto');
INSERT INTO public."Paises_Fifa"("Nombre") VALUES ('Letonia');
INSERT INTO public."Paises_Fifa"("Nombre") VALUES ('Líbano');
INSERT INTO public."Paises_Fifa"("Nombre") VALUES ('Liberia');
INSERT INTO public."Paises_Fifa"("Nombre") VALUES ('Libia');
INSERT INTO public."Paises_Fifa"("Nombre") VALUES ('Liechtenstein');
INSERT INTO public."Paises_Fifa"("Nombre") VALUES ('Lituania');
INSERT INTO public."Paises_Fifa"("Nombre") VALUES ('Luxemburgo');
INSERT INTO public."Paises_Fifa"("Nombre") VALUES ('Macao');
INSERT INTO public."Paises_Fifa"("Nombre") VALUES ('Macedonia del Norte');
INSERT INTO public."Paises_Fifa"("Nombre") VALUES ('Madagascar');
INSERT INTO public."Paises_Fifa"("Nombre") VALUES ('Malasia');
INSERT INTO public."Paises_Fifa"("Nombre") VALUES ('Malaui');
INSERT INTO public."Paises_Fifa"("Nombre") VALUES ('Maldivas');
INSERT INTO public."Paises_Fifa"("Nombre") VALUES ('Malí');
INSERT INTO public."Paises_Fifa"("Nombre") VALUES ('Malta');
INSERT INTO public."Paises_Fifa"("Nombre") VALUES ('Marruecos');
INSERT INTO public."Paises_Fifa"("Nombre") VALUES ('Martinica');
INSERT INTO public."Paises_Fifa"("Nombre") VALUES ('Mauricio');
INSERT INTO public."Paises_Fifa"("Nombre") VALUES ('Mauritania');
INSERT INTO public."Paises_Fifa"("Nombre") VALUES ('México');
INSERT INTO public."Paises_Fifa"("Nombre") VALUES ('Moldavia');
INSERT INTO public."Paises_Fifa"("Nombre") VALUES ('Mongolia');
INSERT INTO public."Paises_Fifa"("Nombre") VALUES ('Montenegro');
INSERT INTO public."Paises_Fifa"("Nombre") VALUES ('Montserrat');
INSERT INTO public."Paises_Fifa"("Nombre") VALUES ('Mozambique');
INSERT INTO public."Paises_Fifa"("Nombre") VALUES ('Namibia');
INSERT INTO public."Paises_Fifa"("Nombre") VALUES ('Nepal');
INSERT INTO public."Paises_Fifa"("Nombre") VALUES ('Nicaragua');
INSERT INTO public."Paises_Fifa"("Nombre") VALUES ('Níger');
INSERT INTO public."Paises_Fifa"("Nombre") VALUES ('Nigeria');
INSERT INTO public."Paises_Fifa"("Nombre") VALUES ('Noruega');
INSERT INTO public."Paises_Fifa"("Nombre") VALUES ('Nueva Caledonia');
INSERT INTO public."Paises_Fifa"("Nombre") VALUES ('Nueva Zelanda');
INSERT INTO public."Paises_Fifa"("Nombre") VALUES ('Omán');
INSERT INTO public."Paises_Fifa"("Nombre") VALUES ('Países Bajos');
INSERT INTO public."Paises_Fifa"("Nombre") VALUES ('Pakistán');
INSERT INTO public."Paises_Fifa"("Nombre") VALUES ('Palestina');
INSERT INTO public."Paises_Fifa"("Nombre") VALUES ('Panamá');
INSERT INTO public."Paises_Fifa"("Nombre") VALUES ('Papúa Nueva Guinea');
INSERT INTO public."Paises_Fifa"("Nombre") VALUES ('Paraguay');
INSERT INTO public."Paises_Fifa"("Nombre") VALUES ('Perú');
INSERT INTO public."Paises_Fifa"("Nombre") VALUES ('Polonia');
INSERT INTO public."Paises_Fifa"("Nombre") VALUES ('Portugal');
INSERT INTO public."Paises_Fifa"("Nombre") VALUES ('Puerto Rico');
INSERT INTO public."Paises_Fifa"("Nombre") VALUES ('República Centroafricana');
INSERT INTO public."Paises_Fifa"("Nombre") VALUES ('República Checa');
INSERT INTO public."Paises_Fifa"("Nombre") VALUES ('República Democrática del Congo');
INSERT INTO public."Paises_Fifa"("Nombre") VALUES ('República Dominicana');
INSERT INTO public."Paises_Fifa"("Nombre") VALUES ('Reunión');
INSERT INTO public."Paises_Fifa"("Nombre") VALUES ('Ruanda');
INSERT INTO public."Paises_Fifa"("Nombre") VALUES ('Rumanía');
INSERT INTO public."Paises_Fifa"("Nombre") VALUES ('Saint-Martin');
INSERT INTO public."Paises_Fifa"("Nombre") VALUES ('Samoa');
INSERT INTO public."Paises_Fifa"("Nombre") VALUES ('Samoa Americana');
INSERT INTO public."Paises_Fifa"("Nombre") VALUES ('San Cristóbal y Nieves');
INSERT INTO public."Paises_Fifa"("Nombre") VALUES ('San Marino');
INSERT INTO public."Paises_Fifa"("Nombre") VALUES ('San Vicente y las Granadinas');
INSERT INTO public."Paises_Fifa"("Nombre") VALUES ('Santa Lucía');
INSERT INTO public."Paises_Fifa"("Nombre") VALUES ('Santo Tomé y Príncipe');
INSERT INTO public."Paises_Fifa"("Nombre") VALUES ('Senegal');
INSERT INTO public."Paises_Fifa"("Nombre") VALUES ('Serbia');
INSERT INTO public."Paises_Fifa"("Nombre") VALUES ('Seychelles');
INSERT INTO public."Paises_Fifa"("Nombre") VALUES ('Sierra Leona');
INSERT INTO public."Paises_Fifa"("Nombre") VALUES ('Singapur');
INSERT INTO public."Paises_Fifa"("Nombre") VALUES ('Sint Maarten');
INSERT INTO public."Paises_Fifa"("Nombre") VALUES ('Siria');
INSERT INTO public."Paises_Fifa"("Nombre") VALUES ('Somalia');
INSERT INTO public."Paises_Fifa"("Nombre") VALUES ('Sri Lanka');
INSERT INTO public."Paises_Fifa"("Nombre") VALUES ('Sudáfrica');
INSERT INTO public."Paises_Fifa"("Nombre") VALUES ('Sudán del Sur');
INSERT INTO public."Paises_Fifa"("Nombre") VALUES ('Sudán');
INSERT INTO public."Paises_Fifa"("Nombre") VALUES ('Suecia');
INSERT INTO public."Paises_Fifa"("Nombre") VALUES ('Suiza');
INSERT INTO public."Paises_Fifa"("Nombre") VALUES ('Surinam');
INSERT INTO public."Paises_Fifa"("Nombre") VALUES ('Tahití');
INSERT INTO public."Paises_Fifa"("Nombre") VALUES ('Tailandia');
INSERT INTO public."Paises_Fifa"("Nombre") VALUES ('Tanzania');
INSERT INTO public."Paises_Fifa"("Nombre") VALUES ('Tayikistán');
INSERT INTO public."Paises_Fifa"("Nombre") VALUES ('Timor Oriental');
INSERT INTO public."Paises_Fifa"("Nombre") VALUES ('Togo');
INSERT INTO public."Paises_Fifa"("Nombre") VALUES ('Tonga');
INSERT INTO public."Paises_Fifa"("Nombre") VALUES ('Trinidad y Tobago');
INSERT INTO public."Paises_Fifa"("Nombre") VALUES ('Túnez');
INSERT INTO public."Paises_Fifa"("Nombre") VALUES ('Turkmenistán');
INSERT INTO public."Paises_Fifa"("Nombre") VALUES ('Turquía');
INSERT INTO public."Paises_Fifa"("Nombre") VALUES ('Tuvalu');
INSERT INTO public."Paises_Fifa"("Nombre") VALUES ('Ucrania');
INSERT INTO public."Paises_Fifa"("Nombre") VALUES ('Uganda');
INSERT INTO public."Paises_Fifa"("Nombre") VALUES ('Uruguay');
INSERT INTO public."Paises_Fifa"("Nombre") VALUES ('Uzbekistán');
INSERT INTO public."Paises_Fifa"("Nombre") VALUES ('Vanuatu');
INSERT INTO public."Paises_Fifa"("Nombre") VALUES ('Venezuela');
INSERT INTO public."Paises_Fifa"("Nombre") VALUES ('Vietnam');
INSERT INTO public."Paises_Fifa"("Nombre") VALUES ('Yemen');
INSERT INTO public."Paises_Fifa"("Nombre") VALUES ('Yibuti');
INSERT INTO public."Paises_Fifa"("Nombre") VALUES ('Zambia');
INSERT INTO public."Paises_Fifa"("Nombre") VALUES ('Zanzíbar');
INSERT INTO public."Paises_Fifa"("Nombre") VALUES ('Zimbabue');
INSERT INTO public."Paises_Fifa"("Nombre") VALUES ('Rusia');